GeoFIPS,GeoName,Region,TableName,LineCode,IndustryClassification,Description,Unit,2001,2002,2003,2004,2005,2006,2007,2008,2009,2010,2011,2012,2013,2014,2015,2016,2017,2018,2019,2020,2021
 "09000","Connecticut",1,CAGDP2,1,"...","All industry total ","Thousands of dollars",171216593,173248290,178702182,195354861,205214649,219768422,234540681,238936806,233290700,234699997,233158748,240911922,241517441,246596970,259487788,263670293,271443219,279922965,288536341,276223270,298395175
 "09000","Connecticut",1,CAGDP2,2,"..."," Private industries ","Thousands of dollars",154211373,155292579,160206076,175788004,184267242,198036743,211513116,214836495,209281154,210647550,208863743,216663938,216458009,220915326,232723263,236707784,243981110,252432821,261299888,248786438,269910965
 "09000","Connecticut",1,CAGDP2,3,"11","  Agriculture, forestry, fishing and hunting ","Thousands of dollars",355184,323148,340056,385371,373327,360272,385688,388356,357048,379324,377894,412486,428759,354405,373822,317576,346136,320966,340718,284167,315932
 "09000","Connecticut",1,CAGDP2,6,"21","  Mining, quarrying, and oil and gas extraction ","Thousands of dollars",98095,99506,116731,114960,119898,151338,162334,124732,109501,153165,132117,156720,144108,167002,219070,269546,169040,174172,165662,190053,181699
 "09000","Connecticut",1,CAGDP2,10,"22","  Utilities ","Thousands of dollars",2730596,2530126,2760092,3121994,3647093,4041600,4320802,4685959,4925041,4606438,4340792,4787031,4847237,5219238,4733252,4316304,4314067,4516678,4715380,4797476,4880027
 "09000","Connecticut",1,CAGDP2,11,"23","  Construction ","Thousands of dollars",5827836,5628055,5941746,6790784,7455917,7995263,8342405,7518133,6978937,6493121,6399912,6648564,6538326,6614374,6956638,7184660,7192074,7353406,7624828,7359442,7795963
 "09000","Connecticut",1,CAGDP2,12,"31-33","  Manufacturing ","Thousands of dollars",23664639,25956745,26306834,30839425,31579229,37583316,38643368,38793107,28804437,29175600,28437448,29076696,30332720,29340743,29986473,27730151,29134178,32599762,34819664,31831271,34875703
 "09000","Connecticut",1,CAGDP2,13,"321,327-339","   Durable goods manufacturing ","Thousands of dollars",15053624,13770816,14707234,14820898,15729262,16874568,17244388,17757540,17834757,19889010,19474593,20533435,21167055,20414827,21082802,19845982,20912346,23843423,26107146,23056938,25267157
 "09000","Connecticut",1,CAGDP2,25,"311-316,322-326","   Nondurable goods manufacturing ","Thousands of dollars",8611014,12185930,11599601,16018526,15849967,20708748,21398980,21035567,10969680,9286590,8962855,8543262,9165666,8925916,8903671,7884168,8221832,8756339,8712519,8774333,9608545
 "09000","Connecticut",1,CAGDP2,34,"42","  Wholesale trade ","Thousands of dollars",9080645,8865370,9302592,9956206,11089633,12181873,12892514,13808702,13329615,14319373,14800009,16019820,15870670,15587114,15810068,14997461,14524373,14615821,14634908,14531554,16675264
 "09000","Connecticut",1,CAGDP2,35,"44-45","  Retail trade ","Thousands of dollars",10845192,11062469,11484210,11605635,11962817,11746346,11717140,11440816,11258833,11361198,11747639,12487155,12726638,12929440,13208997,13239510,13389441,13668442,14107013,14108465,16095346
 "09000","Connecticut",1,CAGDP2,36,"48-49","  Transportation and warehousing ","Thousands of dollars",2718638,2746781,3001059,3237948,3430443,3638034,4143386,4077098,3830843,3703228,3792240,3898296,3992576,4394645,5565608,5402699,5354979,5306969,5497595,5218937,6024672
 "09000","Connecticut",1,CAGDP2,45,"51","  Information ","Thousands of dollars",6609661,6916582,7253464,7872523,8600138,8998753,10247319,10803994,10561697,10561609,10471018,10119011,11780989,11701856,13450362,14334905,14118266,14860305,16081770,15740081,16830893
 "09000","Connecticut",1,CAGDP2,50,"52, 53","  Finance, insurance, real estate, rental, and leasing ","Thousands of dollars",48923808,46663452,47261472,53203222,55486386,58186908,64169038,63387413,69792052,69304600,66287666,66973444,63032970,65545980,71250758,75799124,80948716,82288324,83715425,79835492,83887573
 "09000","Connecticut",1,CAGDP2,51,"52","   Finance and insurance ","Thousands of dollars",26173797,23889260,24949695,29316677,30495416,33783022,37314196,30174037,35258377,34028416,31575888,33721741,30292912,32196601,37800948,41024808,45730706,44055483,44087967,40984756,44281229
 "09000","Connecticut",1,CAGDP2,56,"53","   Real estate and rental and leasing ","Thousands of dollars",22750011,22774192,22311777,23886545,24990970,24403887,26854841,33213376,34533675,35276184,34711779,33251702,32740057,33349379,33449810,34774316,35218010,38232841,39627458,38850736,39606345
 "09000","Connecticut",1,CAGDP2,59,"54, 55, 56","  Professional and business services ","Thousands of dollars",20677650,20283793,21164262,22016654,22869531,24117643,26469156,27807555,25701357,26056711,26704723,28776540,29092151,30731786,31786278,32297686,32653752,33455123,34202928,32708762,35265984
 "09000","Connecticut",1,CAGDP2,60,"54","   Professional, scientific, and technical services ","Thousands of dollars",12358708,12372553,12618993,12970476,13288659,13744312,14685999,16198764,15061692,15077810,15486300,15956101,15984959,17016874,17699274,18163147,18588004,19149128,19669966,18869004,20469182
 "09000","Connecticut",1,CAGDP2,64,"55","   Management of companies and enterprises ","Thousands of dollars",4197304,3774232,4194891,4404662,4482564,4949702,5663551,5326490,5242834,5299167,5454049,6436098,6651709,6902922,7044107,7094807,6632149,6773902,6952291,6457703,6422086
 "09000","Connecticut",1,CAGDP2,65,"56","   Administrative and support and waste management and remediation services ","Thousands of dollars",4121638,4137008,4350378,4641516,5098308,5423628,6119607,6282301,5396831,5679734,5764374,6384341,6455483,6811991,7042897,7039731,7433599,7532093,7580671,7382055,8374716
 "09000","Connecticut",1,CAGDP2,68,"61, 62","  Educational services, health care, and social assistance ","Thousands of dollars",13976515,14913065,15793644,16755472,17339076,18353115,19332110,21253131,22618873,23329197,23855279,24892531,25270501,25936635,26282499,27136108,27695255,28703084,30087551,29975943,31734747
 "09000","Connecticut",1,CAGDP2,69,"61","   Educational services ","Thousands of dollars",2541215,2672691,2960336,3227769,3259956,3501562,3756625,4215822,4784980,5034377,5165811,5398069,5511953,5764876,5845288,6076252,6151679,6394390,6797534,6505590,6907920
 "09000","Connecticut",1,CAGDP2,70,"62","   Health care and social assistance ","Thousands of dollars",11435300,12240374,12833308,13527703,14079121,14851553,15575485,17037309,17833893,18294820,18689468,19494461,19758548,20171759,20437211,21059856,21543576,22308694,23290017,23470353,24826828
 "09000","Connecticut",1,CAGDP2,75,"71, 72","  Arts, entertainment, recreation, accommodation, and food services ","Thousands of dollars",4977657,5314253,5534494,5762521,5911601,6100377,6066701,6341680,6660694,6896262,7200098,7915385,7848061,7625819,8214217,8761607,9143411,9314849,9907113,7362810,9928081
 "09000","Connecticut",1,CAGDP2,76,"71","   Arts, entertainment, and recreation ","Thousands of dollars",1602079,1687224,1860591,1985037,2052373,2095208,2018329,2072338,2212809,2184995,2273735,2574065,2475710,2508537,2377040,2486480,2457398,2563630,2525013,1843622,2757690
 "09000","Connecticut",1,CAGDP2,79,"72","   Accommodation and food services ","Thousands of dollars",3375578,3627029,3673902,3777485,3859228,4005169,4048372,4269342,4447886,4711266,4926363,5341321,5372351,5117282,5837177,6275127,6686013,6751218,7382099,5519188,7170392
 "09000","Connecticut",1,CAGDP2,82,"81","  Other services (except government and government enterprises) ","Thousands of dollars",3725257,3989233,3945419,4125290,4402152,4581905,4621155,4405820,4352226,4307724,4316907,4500258,4552304,4766290,4885222,4920450,4997424,5254920,5399333,4841984,5419082
 "09000","Connecticut",1,CAGDP2,83,"...","Government and government enterprises ","Thousands of dollars",17005221,17955711,18496107,19566857,20947407,21731679,23027565,24100312,24009546,24052447,24295004,24247984,25059432,25681644,26764525,26962509,27462109,27490144,27236453,27436832,28484210
 "09000","Connecticut",1,CAGDP2,87,"11, 21","Natural resources and mining ","Thousands of dollars",453279,422654,456787,500331,493225,511610,548022,513087,466549,532489,510011,569206,572867,521407,592891,587121,515175,495138,506380,474220,497630
 "09000","Connecticut",1,CAGDP2,88,"42, 44-45","Trade ","Thousands of dollars",19925837,19927840,20786802,21561841,23052450,23928219,24609654,25249518,24588448,25680571,26547648,28506974,28597308,28516554,29019066,28236971,27913814,28284263,28741920,28640019,32770611
 "09000","Connecticut",1,CAGDP2,89,"22, 48-49","Transportation and utilities ","Thousands of dollars",5449234,5276906,5761152,6359941,7077536,7679633,8464187,8763057,8755884,8309667,8133032,8685327,8839813,9613883,10298859,9719003,9669046,9823647,10212976,10016413,10904698
 "09000","Connecticut",1,CAGDP2,90,"31-33, 51","Manufacturing and information ","Thousands of dollars",30274299,32873328,33560298,38711947,40179367,46582068,48890688,49597100,39366134,39737209,38908465,39195708,42113709,41042599,43436835,42065055,43252444,47460067,50901434,47571352,51706596
 "09000","Connecticut",1,CAGDP2,91,"...","Private goods-producing industries 2/","Thousands of dollars",29945754,32007454,32705367,38130540,39528372,46090189,47533795,46824327,36249923,36201210,35347371,36294467,37443913,36476524,37536003,35501932,36841428,40448306,42950873,39664933,43169296
 "09000","Connecticut",1,CAGDP2,92,"...","Private services-providing industries 3/","Thousands of dollars",124265618,123285125,127500709,137657464,144738870,151946554,163979321,168012168,173031231,174446341,173516372,180369471,179014096,184438802,195187260,201205852,207139683,211984515,218349016,209121505,226741670
 "09001","Fairfield, CT",1,CAGDP2,1,"...","All industry total ","Thousands of dollars",59020998,60109070,60788099,66009206,70151313,75123283,80879757,84381023,81379465,80692429,77829630,82579135,82181585,84059722,87061057,87847533,90077698,93924953,96488602,90382663,98751750
 "09001","Fairfield, CT",1,CAGDP2,2,"..."," Private industries ","Thousands of dollars",55836323,56698779,57258775,62244755,66220279,71026459,76551156,79907300,76907529,76170236,73464239,78098676,77553608,79122492,81866326,82597546,84731638,88429766,90955725,84821879,93008195
 "09001","Fairfield, CT",1,CAGDP2,3,"11","  Agriculture, forestry, fishing and hunting ","Thousands of dollars",42719,(D),(D),(D),(D),(D),(D),(D),(D),(D),(D),(D),62758,56380,49672,20394,62750,40321,55624,30999,23218
 "09001","Fairfield, CT",1,CAGDP2,6,"21","  Mining, quarrying, and oil and gas extraction ","Thousands of dollars",4968,5272,7700,10071,7396,10061,9419,7197,5632,12523,12923,11158,12182,15263,17156,16491,14610,12009,11355,47805,43975
 "09001","Fairfield, CT",1,CAGDP2,10,"22","  Utilities ","Thousands of dollars",555741,526712,623620,797922,1038321,1326413,1444754,2364528,2031044,1582740,1002113,1621850,1413475,1831149,1304506,918004,547900,1063620,1183544,828767,872101
 "09001","Fairfield, CT",1,CAGDP2,11,"23","  Construction ","Thousands of dollars",1858066,(D),(D),(D),(D),(D),(D),(D),(D),(D),(D),(D),1858113,1802391,1948845,2027748,1967824,2036127,2073620,1959072,2135158
 "09001","Fairfield, CT",1,CAGDP2,12,"31-33","  Manufacturing ","Thousands of dollars",7422221,9140686,8880889,11160953,11040475,13164000,14318550,17730454,12966125,12004049,11592702,11145643,10330332,10152370,9298970,8153271,7601231,7685554,7485596,7156552,7860652
 "09001","Fairfield, CT",1,CAGDP2,13,"321,327-339","   Durable goods manufacturing ","Thousands of dollars",(D),3413850,3694747,3567591,3704379,3966740,4003490,4260004,4579570,5052199,4920393,5084197,5071724,4796470,4610253,4076738,3870250,4512854,4820831,4393953,4834168
 "09001","Fairfield, CT",1,CAGDP2,25,"311-316,322-326","   Nondurable goods manufacturing ","Thousands of dollars",(D),5726836,5186142,7593362,7336096,9197261,10315059,13470450,8386556,6951850,6672309,6061446,5258607,5355900,4688718,4076533,3730981,3172700,2664765,2762598,3026484
 "09001","Fairfield, CT",1,CAGDP2,34,"42","  Wholesale trade ","Thousands of dollars",4018128,3812610,3860895,4017304,4322488,4539523,4532604,4820805,4769307,5120059,5261670,5640600,6016935,6378369,7031434,7041430,6947435,6939789,6944257,6888642,8019099
 "09001","Fairfield, CT",1,CAGDP2,35,"44-45","  Retail trade ","Thousands of dollars",3792924,3747976,3839695,3602215,3735187,3510139,3609300,3536029,3502118,3501560,3902526,4231766,4354613,4443104,4495030,4448391,4350064,4457468,4560133,4522173,5163928
 "09001","Fairfield, CT",1,CAGDP2,36,"48-49","  Transportation and warehousing ","Thousands of dollars",824256,812564,878853,923905,1011451,1059985,1713124,1536931,1345303,1063389,992386,1256333,1132041,1476948,2496284,2261663,2110409,1663406,1365017,1388337,1549128
 "09001","Fairfield, CT",1,CAGDP2,45,"51","  Information ","Thousands of dollars",2551166,2635144,2631084,2720594,2970768,3081112,3853290,4168710,4216011,4290892,4269649,4057807,4836729,4731002,5589145,6089020,6330712,7053854,7800788,7741581,8198640
 "09001","Fairfield, CT",1,CAGDP2,50,"52, 53","  Finance, insurance, real estate, rental, and leasing ","Thousands of dollars",18278964,17816655,17803111,19623517,21827994,22850712,24297949,22223334,25832986,26033443,23433873,25318584,24647336,25038567,25631227,26835059,29825846,30846920,31863424,28895789,31056468
 "09001","Fairfield, CT",1,CAGDP2,51,"52","   Finance and insurance ","Thousands of dollars",11226522,10737096,10773676,11573761,13241560,14748651,15318612,11095075,13880857,14372099,12074941,14566383,13971284,13644988,14502364,16044058,19236322,18966435,20002651,17465440,19464425
 "09001","Fairfield, CT",1,CAGDP2,56,"53","   Real estate and rental and leasing ","Thousands of dollars",7052442,7079559,7029436,8049757,8586434,8102061,8979337,11128259,11952129,11661344,11358932,10752201,10676051,11393578,11128863,10791001,10589524,11880484,11860773,11430349,11592042
 "09001","Fairfield, CT",1,CAGDP2,59,"54, 55, 56","  Professional and business services ","Thousands of dollars",10091539,9417673,9666628,9817111,10363228,10932816,11934388,12392780,10891233,11072409,11310822,12456181,12635746,12894321,13439166,13737530,13496964,14689814,14974796,13947527,15132200
 "09001","Fairfield, CT",1,CAGDP2,60,"54","   Professional, scientific, and technical services ","Thousands of dollars",5838182,5638664,5631373,5721714,5832889,6031490,6341800,7119053,6451706,6418566,6545206,6663422,6720652,6961050,7289747,7613203,7848500,8218352,8437222,7918015,8678700
 "09001","Fairfield, CT",1,CAGDP2,64,"55","   Management of companies and enterprises ","Thousands of dollars",2556034,2172849,2365213,2340583,2545823,2745487,3098936,2786148,2521577,2627951,2714003,3315903,3415423,3289152,3399616,3436246,2876881,3664952,3743053,3330515,3411450
 "09001","Fairfield, CT",1,CAGDP2,65,"56","   Administrative and support and waste management and remediation services ","Thousands of dollars",1697323,1606159,1670043,1754814,1984516,2155839,2493652,2487578,1917950,2025892,2051612,2476856,2499671,2644120,2749803,2688080,2771583,2806510,2794521,2698997,3042051
 "09001","Fairfield, CT",1,CAGDP2,68,"61, 62","  Educational services, health care, and social assistance ","Thousands of dollars",3451097,3693797,3925966,4174265,4338587,4530429,4759287,5291259,5553446,5664469,5766894,5994668,6035293,6163178,6352042,6607874,6792567,7109761,7415037,7294454,7748202
 "09001","Fairfield, CT",1,CAGDP2,69,"61","   Educational services ","Thousands of dollars",409782,433659,487939,542331,556780,596962,659663,744427,840125,896277,922294,949945,936862,976163,1006207,1089661,1113238,1144465,1190258,1116926,1146431
 "09001","Fairfield, CT",1,CAGDP2,70,"62","   Health care and social assistance ","Thousands of dollars",3041314,3260138,3438027,3631934,3781807,3933468,4099624,4546832,4713321,4768191,4844600,5044724,5098431,5187015,5345835,5518213,5679329,5965296,6224778,6177527,6601771
 "09001","Fairfield, CT",1,CAGDP2,75,"71, 72","  Arts, entertainment, recreation, accommodation, and food services ","Thousands of dollars",1666051,1793699,1843092,1878428,1709153,1822469,1914909,2106211,2311549,2519766,2636113,2892954,2729540,2626484,2687354,2949847,3133974,3160340,3432399,2507572,3404377
 "09001","Fairfield, CT",1,CAGDP2,76,"71","   Arts, entertainment, and recreation ","Thousands of dollars",757441,804918,852902,782739,729859,791434,783031,864537,917161,917283,941390,1165981,1130336,1169508,1046214,1069255,1117690,1171901,1176021,816675,1173315
 "09001","Fairfield, CT",1,CAGDP2,79,"72","   Accommodation and food services ","Thousands of dollars",908610,988780,990190,1095689,979294,1031035,1131878,1241675,1394387,1602482,1694723,1726973,1599205,1456976,1641140,1880592,2016283,1988439,2256378,1690897,2231062
 "09001","Fairfield, CT",1,CAGDP2,82,"81","  Other services (except government and government enterprises) ","Thousands of dollars",1278484,1373174,1315415,1297804,1341348,1396262,1434598,1406496,1385798,1386851,1413152,1496610,1488515,1512965,1525493,1490825,1549353,1670783,1790133,1612607,1801049
 "09001","Fairfield, CT",1,CAGDP2,83,"...","Government and government enterprises ","Thousands of dollars",3184674,3410291,3529324,3764451,3931034,4096823,4328601,4473723,4471936,4522192,4365391,4480459,4627977,4937229,5194731,5249987,5346061,5495187,5532876,5560784,5743555
 "09001","Fairfield, CT",1,CAGDP2,87,"11, 21","Natural resources and mining ","Thousands of dollars",47688,(D),(D),(D),(D),(D),(D),(D),(D),(D),(D),(D),74941,71643,66829,36885,77360,52330,66980,78805,67193
 "09001","Fairfield, CT",1,CAGDP2,88,"42, 44-45","Trade ","Thousands of dollars",7811052,7560587,7700589,7619519,8057676,8049663,8141903,8356834,8271424,8621618,9164196,9872366,10371548,10821474,11526465,11489822,11297498,11397257,11504391,11410815,13183027
 "09001","Fairfield, CT",1,CAGDP2,89,"22, 48-49","Transportation and utilities ","Thousands of dollars",1379997,1339276,1502473,1721827,2049772,2386398,3157878,3901459,3376347,2646129,1994498,2878183,2545515,3308097,3800791,3179666,2658308,2727026,2548561,2217104,2421229
 "09001","Fairfield, CT",1,CAGDP2,90,"31-33, 51","Manufacturing and information ","Thousands of dollars",9973387,11775830,11511973,13881547,14011243,16245112,18171840,21899164,17182137,16294942,15862351,15203451,15167061,14883373,14888115,14242291,13931944,14739409,15286385,14898132,16059292
 "09001","Fairfield, CT",1,CAGDP2,91,"...","Private goods-producing industries 2/","Thousands of dollars",9327974,11068775,10870416,13391689,13561753,15976599,17056953,20060217,15068734,13934660,13475043,13131323,12263386,12026404,11314644,10217904,9646415,9774011,9626197,9194429,10063003
 "09001","Fairfield, CT",1,CAGDP2,92,"...","Private services-providing industries 3/","Thousands of dollars",46508349,45630004,46388360,48853065,52658526,55049860,59494202,59847083,61838795,62235577,59989196,64967353,65290222,67096088,70551682,72379642,75085223,78655755,81329529,75627450,82945192
 "09003","Hartford, CT",1,CAGDP2,1,"...","All industry total ","Thousands of dollars",48427878,46838946,49153487,54577066,57055374,61579821,66893753,67377267,68483727,70302499,70842002,72202613,70921064,73858291,80581799,82182622,84776926,86212003,88220399,84115480,89505307
 "09003","Hartford, CT",1,CAGDP2,2,"..."," Private industries ","Thousands of dollars",43268596,41442429,43668006,48868744,50946500,55269309,60248109,60437264,61566165,63428835,63855971,65311352,63742086,66312158,72694795,74284234,76838138,78184921,80198881,75847089,81026558
 "09003","Hartford, CT",1,CAGDP2,3,"11","  Agriculture, forestry, fishing and hunting ","Thousands of dollars",56606,(D),(D),(D),(D),(D),(D),21298,18182,35129,45607,24508,8492,67198,3311,69870,25670,26023,7938,11240,13665
 "09003","Hartford, CT",1,CAGDP2,6,"21","  Mining, quarrying, and oil and gas extraction ","Thousands of dollars",14835,14305,23063,19981,17830,19876,19911,12849,11734,16396,15295,17364,16608,17474,18942,24190,14214,6674,6488,8880,8518
 "09003","Hartford, CT",1,CAGDP2,10,"22","  Utilities ","Thousands of dollars",449352,394871,391146,444754,477207,308407,325235,404887,388172,347253,312429,351709,341414,351430,260591,227904,205700,208564,211935,190941,185158
 "09003","Hartford, CT",1,CAGDP2,11,"23","  Construction ","Thousands of dollars",1338975,(D),(D),(D),(D),(D),(D),1806995,1703281,1609444,1666996,1457993,1446841,1468349,1688287,1633942,1659292,1751850,1859723,1812309,1899890
 "09003","Hartford, CT",1,CAGDP2,12,"31-33","  Manufacturing ","Thousands of dollars",6397133,6030795,6578522,6633863,7156495,8587827,8690310,8119442,7292801,8308749,8128544,8715880,8895237,8278626,9063840,8125059,8727594,10058178,11309540,10187506,11114735
 "09003","Hartford, CT",1,CAGDP2,13,"321,327-339","   Durable goods manufacturing ","Thousands of dollars",5386790,4949055,5382037,5283717,5645352,6152844,(D),(D),(D),(D),(D),(D),7727059,7130453,7673742,6867048,7300892,8365905,9393829,8295137,9066724
 "09003","Hartford, CT",1,CAGDP2,25,"311-316,322-326","   Nondurable goods manufacturing ","Thousands of dollars",1010343,1081741,1196485,1350146,1511143,2434983,(D),(D),(D),(D),(D),(D),1168179,1148173,1390098,1258011,1426703,1692272,1915711,1892368,2048012
 "09003","Hartford, CT",1,CAGDP2,34,"42","  Wholesale trade ","Thousands of dollars",2448370,2426239,2584669,2759604,3099156,3461429,3761143,4038432,3829451,4163012,4316218,4726489,4631009,4493916,4359824,3919475,3767017,3787817,3801478,3731945,4174595
 "09003","Hartford, CT",1,CAGDP2,35,"44-45","  Retail trade ","Thousands of dollars",2618660,2675243,2778656,2908455,3002359,3009405,2898702,2900164,2785857,2858304,2890506,3072216,3141644,3190047,3216812,3228684,3301412,3427135,3528292,3506220,3996345
 "09003","Hartford, CT",1,CAGDP2,36,"48-49","  Transportation and warehousing ","Thousands of dollars",940136,980451,1011529,1121924,1171062,1239719,1125729,1172152,1166233,1278519,1370307,1304798,1338916,1435673,1523155,1557664,1608776,1803056,2053488,1754023,2097432
 "09003","Hartford, CT",1,CAGDP2,45,"51","  Information ","Thousands of dollars",1643743,1701109,1871189,2168061,2488777,2743178,3130349,3462426,3458829,3521027,3615755,3747437,4413044,4547507,5234100,5610661,5307041,5250648,5381250,4980765,5229687
 "09003","Hartford, CT",1,CAGDP2,50,"52, 53","  Finance, insurance, real estate, rental, and leasing ","Thousands of dollars",16571131,14872764,15291663,18538761,18373722,19784072,23205977,22622436,24939707,25085982,24943094,24403270,21609796,23277085,27701413,29913707,31605877,30543060,29814775,28642913,29558581
 "09003","Hartford, CT",1,CAGDP2,51,"52","   Finance and insurance ","Thousands of dollars",10665171,9122147,9730030,12900785,12538485,13882635,16750546,14560884,16764382,16633819,16636393,16165797,13400767,15163293,19337832,20828540,22274335,20717583,19783058,19059365,19900229
 "09003","Hartford, CT",1,CAGDP2,56,"53","   Real estate and rental and leasing ","Thousands of dollars",5905960,5750618,5561633,5637976,5835237,5901438,6455430,8061553,8175325,8452164,8306701,8237472,8209030,8113792,8363581,9085167,9331543,9825477,10031717,9583547,9658352
 "09003","Hartford, CT",1,CAGDP2,59,"54, 55, 56","  Professional and business services ","Thousands of dollars",5014018,5073157,5391031,5851747,6017202,6455862,7105710,7518569,7270787,7333767,7482347,7910012,8022750,8911381,9097057,9176092,9604379,9885167,10309709,10001370,10491170
 "09003","Hartford, CT",1,CAGDP2,60,"54","   Professional, scientific, and technical services ","Thousands of dollars",3212381,3254297,3375647,3496803,3644590,3759895,4097958,4396753,4177556,4264622,4408033,4700455,4720974,5221056,5403815,5524685,5637288,5852249,6062313,5868851,6058438
 "09003","Hartford, CT",1,CAGDP2,64,"55","   Management of companies and enterprises ","Thousands of dollars",654390,639573,759575,1000715,892666,1144425,1345828,1345286,1444049,1331913,1308611,1379374,1473357,1776984,1706295,1679134,1824616,1914812,2114287,2100677,2123945
 "09003","Hartford, CT",1,CAGDP2,65,"56","   Administrative and support and waste management and remediation services ","Thousands of dollars",1147248,1179287,1255808,1354228,1479947,1551541,1661924,1776530,1649182,1737232,1765704,1830182,1828419,1913341,1986947,1972273,2142475,2118106,2133109,2031842,2308787
 "09003","Hartford, CT",1,CAGDP2,68,"61, 62","  Educational services, health care, and social assistance ","Thousands of dollars",3738744,3959526,4146297,4417473,4581414,4867191,5161212,5690064,6077048,6263033,6402567,6695864,6866346,7167969,7122280,7303048,7451588,7789292,8118298,8013967,8518690
 "09003","Hartford, CT",1,CAGDP2,69,"61","   Educational services ","Thousands of dollars",407217,426924,469794,518823,531683,564774,602872,665664,759844,804232,821830,846380,858978,897572,857565,890515,899285,935116,976767,893102,963216
 "09003","Hartford, CT",1,CAGDP2,70,"62","   Health care and social assistance ","Thousands of dollars",3331527,3532602,3676503,3898651,4049731,4302417,4558339,5024400,5317204,5458800,5580737,5849484,6007368,6270397,6264714,6412533,6552303,6854175,7141530,7120865,7555474
 "09003","Hartford, CT",1,CAGDP2,75,"71, 72","  Arts, entertainment, recreation, accommodation, and food services ","Thousands of dollars",1246423,1294133,1327686,1341726,1435586,1481075,1437996,1483204,1480262,1512315,1584944,1751013,1811623,1801892,2041696,2087262,2153151,2162020,2314917,1683035,2248749
 "09003","Hartford, CT",1,CAGDP2,76,"71","   Arts, entertainment, and recreation ","Thousands of dollars",229293,232538,256789,305530,334951,354280,321463,324956,336963,322655,342629,395375,388831,394641,375245,373670,373348,406633,427557,323128,491874
 "09003","Hartford, CT",1,CAGDP2,79,"72","   Accommodation and food services ","Thousands of dollars",1017130,1061595,1070897,1036196,1100635,1126795,1116533,1158248,1143298,1189660,1242315,1355637,1422792,1407251,1666451,1713592,1779804,1755387,1887360,1359906,1756875
 "09003","Hartford, CT",1,CAGDP2,82,"81","  Other services (except government and government enterprises) ","Thousands of dollars",790469,799752,905606,1119696,1362814,1420188,1387865,1184346,1143822,1095905,1081362,1132800,1198365,1303610,1363487,1406677,1406426,1485438,1481050,1321974,1489342
 "09003","Hartford, CT",1,CAGDP2,83,"...","Government and government enterprises ","Thousands of dollars",5159282,5396517,5485481,5708322,6108874,6310513,6645644,6940003,6917562,6873664,6986031,6891261,7178978,7546134,7887004,7898388,7938788,8027083,8021518,8268392,8478750
 "09003","Hartford, CT",1,CAGDP2,87,"11, 21","Natural resources and mining ","Thousands of dollars",71441,(D),(D),(D),(D),(D),(D),34146,29916,51525,60902,41872,25100,84672,22253,94059,39884,32696,14426,20120,22183
 "09003","Hartford, CT",1,CAGDP2,88,"42, 44-45","Trade ","Thousands of dollars",5067030,5101482,5363324,5668059,6101515,6470834,6659844,6938596,6615307,7021316,7206725,7798705,7772653,7683963,7576636,7148159,7068428,7214953,7329770,7238166,8170940
 "09003","Hartford, CT",1,CAGDP2,89,"22, 48-49","Transportation and utilities ","Thousands of dollars",1389488,1375322,1402675,1566678,1648269,1548125,1450964,1577040,1554405,1625772,1682737,1656507,1680331,1787103,1783746,1785568,1814476,2011620,2265423,1944964,2282589
 "09003","Hartford, CT",1,CAGDP2,90,"31-33, 51","Manufacturing and information ","Thousands of dollars",8040876,7731904,8449711,8801923,9645272,11331005,11820660,11581868,10751630,11829776,11744299,12463317,13308282,12826133,14297940,13735720,14034635,15308826,16690791,15168270,16344422
 "09003","Hartford, CT",1,CAGDP2,91,"...","Private goods-producing industries 2/","Thousands of dollars",7807549,7265184,7968535,8196544,8937199,10498783,10708192,9960584,9025998,9969718,9856442,10215746,10367179,9831647,10774380,9853060,10426771,11842724,13183690,12019935,13036808
 "09003","Hartford, CT",1,CAGDP2,92,"...","Private services-providing industries 3/","Thousands of dollars",35461046,34177246,35699471,40672200,42009300,44770525,49539917,50476680,52540167,53459117,53999530,55095606,53374907,56480510,61920415,64431174,66411367,66342197,67015191,63827153,67989749
 "09005","Litchfield, CT",1,CAGDP2,1,"...","All industry total ","Thousands of dollars",6113096,6273018,6402275,6517310,6689810,7033133,7054819,7443598,7289160,7622714,7802880,7932994,7987392,7947251,8079643,8117631,8298376,8329839,8828350,8652579,9357182
 "09005","Litchfield, CT",1,CAGDP2,2,"..."," Private industries ","Thousands of dollars",5589846,5726459,5841352,5930301,6062421,6386574,6369590,6732807,6574458,6910037,7118766,7236169,7245941,7172800,7282490,7317148,7487300,7507167,8004995,7816122,8496258
 "09005","Litchfield, CT",1,CAGDP2,3,"11","  Agriculture, forestry, fishing and hunting ","Thousands of dollars",(D),(D),(D),(D),(D),(D),(D),(D),(D),(D),(D),(D),(D),(D),(D),(D),(D),(D),(D),(D),9979
 "09005","Litchfield, CT",1,CAGDP2,6,"21","  Mining, quarrying, and oil and gas extraction ","Thousands of dollars",15444,16463,18450,18363,20670,25049,25870,20708,18305,23964,20029,26250,22398,26619,35981,46238,28676,32884,31374,38580,(D)
 "09005","Litchfield, CT",1,CAGDP2,10,"22","  Utilities ","Thousands of dollars",26259,27315,30174,(D),(D),(D),(D),(D),(D),30208,(D),(D),(D),48355,(D),(D),(D),(D),(D),(D),(D)
 "09005","Litchfield, CT",1,CAGDP2,11,"23","  Construction ","Thousands of dollars",529258,562391,594211,621578,631368,693754,680210,630386,610360,640470,662158,738501,(D),(D),(D),(D),649235,(D),(D),636962,673636
 "09005","Litchfield, CT",1,CAGDP2,12,"31-33","  Manufacturing ","Thousands of dollars",1128077,1052215,1037312,1022678,1035729,1125781,1049355,1039936,882235,969988,1008161,1008484,1103099,1091630,1113822,(D),(D),(D),(D),1294545,1339277
 "09005","Litchfield, CT",1,CAGDP2,13,"321,327-339","   Durable goods manufacturing ","Thousands of dollars",(D),(D),(D),(D),(D),(D),(D),(D),(D),(D),(D),(D),830163,825546,826546,817202,832601,886179,918560,850756,875937
 "09005","Litchfield, CT",1,CAGDP2,25,"311-316,322-326","   Nondurable goods manufacturing ","Thousands of dollars",(D),(D),(D),(D),(D),(D),(D),(D),(D),(D),(D),(D),272936,266084,287277,(D),(D),(D),(D),443789,463340
 "09005","Litchfield, CT",1,CAGDP2,34,"42","  Wholesale trade ","Thousands of dollars",188834,190808,213899,212216,(D),(D),(D),(D),(D),(D),(D),(D),(D),(D),(D),(D),(D),(D),(D),(D),(D)
 "09005","Litchfield, CT",1,CAGDP2,35,"44-45","  Retail trade ","Thousands of dollars",545144,562130,596143,602718,625259,618620,599720,555432,497173,479909,495529,584993,599088,616728,654195,678805,692621,677891,664930,676782,772149
 "09005","Litchfield, CT",1,CAGDP2,36,"48-49","  Transportation and warehousing ","Thousands of dollars",(D),(D),(D),(D),112622,122807,119094,117526,108967,105492,112326,119045,122577,115976,120231,102716,111350,125317,138928,135236,156985
 "09005","Litchfield, CT",1,CAGDP2,45,"51","  Information ","Thousands of dollars",107255,96921,110363,136565,128542,140528,164410,168031,159250,164898,166413,178459,220774,196956,194179,150509,124166,119489,125937,134361,155503
 "09005","Litchfield, CT",1,CAGDP2,50,"52, 53","  Finance, insurance, real estate, rental, and leasing ","Thousands of dollars",1236334,1275864,1288348,1318813,1315738,1360121,1383229,1758498,1865057,1972569,1997826,1810007,1789649,1812847,1828968,1927905,2047701,2033303,2232788,2317679,2390769
 "09005","Litchfield, CT",1,CAGDP2,51,"52","   Finance and insurance ","Thousands of dollars",208359,239471,234333,223005,211865,223181,219904,205826,256462,280862,277355,262729,254531,241198,261968,305661,428228,362860,354086,422593,464089
 "09005","Litchfield, CT",1,CAGDP2,56,"53","   Real estate and rental and leasing ","Thousands of dollars",1027976,1036394,1054015,1095807,1103873,1136940,1163325,1552672,1608595,1691707,1720471,1547278,1535118,1571649,1567000,1622244,1619473,1670443,1878702,1895086,1926679
 "09005","Litchfield, CT",1,CAGDP2,59,"54, 55, 56","  Professional and business services ","Thousands of dollars",(D),613965,618934,(D),(D),622288,639018,666756,604506,(D),640939,688759,673780,696570,714290,747229,796015,671865,676396,647795,729208
 "09005","Litchfield, CT",1,CAGDP2,60,"54","   Professional, scientific, and technical services ","Thousands of dollars",299068,318704,300290,(D),282082,278562,286973,307161,274933,277594,277764,283812,275072,298415,308450,340069,360496,374807,387610,359757,401364
 "09005","Litchfield, CT",1,CAGDP2,64,"55","   Management of companies and enterprises ","Thousands of dollars",(D),177650,192268,(D),(D),186951,181285,187127,169036,167623,171866,196621,202894,197614,197060,201658,220211,80185,64282,74717,80754
 "09005","Litchfield, CT",1,CAGDP2,65,"56","   Administrative and support and waste management and remediation services ","Thousands of dollars",112149,117611,126376,133750,140453,156775,170761,172467,160537,(D),191309,208326,195814,200541,208780,205502,215308,216872,224504,213321,247089
 "09005","Litchfield, CT",1,CAGDP2,68,"61, 62","  Educational services, health care, and social assistance ","Thousands of dollars",510794,539794,575815,620393,638704,673443,696149,753077,788072,808865,819199,829791,812791,822802,828741,860699,872170,908666,968544,999097,1063308
 "09005","Litchfield, CT",1,CAGDP2,69,"61","   Educational services ","Thousands of dollars",102811,104205,111883,120193,120240,123546,125814,144011,157302,165315,177432,183817,179795,181814,181109,196950,190469,195843,219810,210429,225992
 "09005","Litchfield, CT",1,CAGDP2,70,"62","   Health care and social assistance ","Thousands of dollars",407983,435589,463932,500200,518464,549896,570334,609066,630770,643550,641768,645975,632996,640988,647631,663749,681701,712824,748734,788668,837317
 "09005","Litchfield, CT",1,CAGDP2,75,"71, 72","  Arts, entertainment, recreation, accommodation, and food services ","Thousands of dollars",339678,366188,356769,338945,385253,397974,402599,407140,430683,467674,518397,523529,501847,(D),472306,454553,434565,424141,553609,360427,542466
 "09005","Litchfield, CT",1,CAGDP2,76,"71","   Arts, entertainment, and recreation ","Thousands of dollars",180431,196877,192647,190015,232354,245718,250789,247709,272243,306912,346222,333267,305811,244843,251444,221045,189215,168984,280903,147372,264099
 "09005","Litchfield, CT",1,CAGDP2,79,"72","   Accommodation and food services ","Thousands of dollars",159247,169311,164122,148929,152899,152256,151810,159431,158440,160762,172175,190262,196036,(D),220863,233508,245351,255158,272706,213055,278367
 "09005","Litchfield, CT",1,CAGDP2,82,"81","  Other services (except government and government enterprises) ","Thousands of dollars",205477,228947,213246,203721,216968,230791,227525,211862,210602,223412,219498,224029,222342,237047,241270,245740,252331,263588,265573,237812,266800
 "09005","Litchfield, CT",1,CAGDP2,83,"...","Government and government enterprises ","Thousands of dollars",523251,546558,560923,587009,627389,646559,685229,710791,714702,712676,684114,696825,741451,774451,797153,800483,811076,822672,823355,836457,860924
 "09005","Litchfield, CT",1,CAGDP2,87,"11, 21","Natural resources and mining ","Thousands of dollars",(D),(D),(D),(D),(D),(D),(D),(D),(D),(D),(D),(D),(D),(D),(D),(D),(D),(D),(D),(D),(D)
 "09005","Litchfield, CT",1,CAGDP2,88,"42, 44-45","Trade ","Thousands of dollars",733977,752939,810041,814935,(D),(D),(D),(D),(D),(D),(D),(D),(D),(D),(D),(D),(D),(D),(D),(D),(D)
 "09005","Litchfield, CT",1,CAGDP2,89,"22, 48-49","Transportation and utilities ","Thousands of dollars",(D),(D),(D),(D),(D),(D),(D),(D),(D),135700,(D),(D),(D),164331,(D),(D),(D),(D),(D),(D),(D)
 "09005","Litchfield, CT",1,CAGDP2,90,"31-33, 51","Manufacturing and information ","Thousands of dollars",1235331,1149137,1147675,1159244,1164271,1266308,1213764,1207966,1041485,1134885,1174574,1186943,1323873,1288586,1308001,(D),(D),(D),(D),1428906,1494780
 "09005","Litchfield, CT",1,CAGDP2,91,"...","Private goods-producing industries 2/","Thousands of dollars",(D),(D),(D),(D),(D),(D),(D),(D),(D),(D),(D),(D),(D),(D),(D),1850299,1860891,1978865,2071915,(D),(D)
 "09005","Litchfield, CT",1,CAGDP2,92,"...","Private services-providing industries 3/","Thousands of dollars",(D),(D),(D),(D),(D),(D),(D),(D),(D),(D),(D),(D),(D),(D),(D),5466850,5626409,5528302,5933080,(D),(D)
 "09007","Middlesex, CT",1,CAGDP2,1,"...","All industry total ","Thousands of dollars",7278612,7195473,7695553,8385884,8633045,9265643,9834684,9578499,9316663,8160490,8293106,8758693,8837959,9015015,9401453,9348642,9617878,9858651,10284044,9777887,10650029
 "09007","Middlesex, CT",1,CAGDP2,2,"..."," Private industries ","Thousands of dollars",6574255,6465250,6943389,7588918,7778297,8387084,8868988,8563870,8292682,7154324,7278566,7739585,7770988,7925252,8254477,8205766,8502959,8782208,9215505,8694488,9538119
 "09007","Middlesex, CT",1,CAGDP2,3,"11","  Agriculture, forestry, fishing and hunting ","Thousands of dollars",(D),15863,14208,(D),(D),16408,20154,20655,38213,45134,44584,(D),54435,41643,9907,27849,(D),8475,34312,9283,15496
 "09007","Middlesex, CT",1,CAGDP2,6,"21","  Mining, quarrying, and oil and gas extraction ","Thousands of dollars",4575,5245,2820,1430,1207,1447,1451,136,195,590,1970,1960,1184,2505,3680,1955,1566,1581,1484,1257,1502
 "09007","Middlesex, CT",1,CAGDP2,10,"22","  Utilities ","Thousands of dollars",(D),64088,72687,(D),(D),85373,90194,58816,58447,73786,224193,(D),330002,354638,432170,413468,469876,288694,245373,252250,281765
 "09007","Middlesex, CT",1,CAGDP2,11,"23","  Construction ","Thousands of dollars",270251,258555,287007,326163,311423,351965,386864,387808,372503,389756,311853,401788,413419,504040,460538,474008,(D),516213,492479,467249,500505
 "09007","Middlesex, CT",1,CAGDP2,12,"31-33","  Manufacturing ","Thousands of dollars",1232128,1374960,1387235,1654119,1628988,1826371,1868425,1590473,1216400,1240257,1258539,1464698,1487418,1417927,1580496,1464374,1605687,1931320,2108763,1776682,1942357
 "09007","Middlesex, CT",1,CAGDP2,13,"321,327-339","   Durable goods manufacturing ","Thousands of dollars",855338,773987,823099,830204,918044,995486,1062682,1089973,1033217,1127289,1166319,1354694,1332709,1261523,1405657,1313265,1437149,1718072,1841851,1517929,1681769
 "09007","Middlesex, CT",1,CAGDP2,25,"311-316,322-326","   Nondurable goods manufacturing ","Thousands of dollars",376790,600973,564136,823916,710945,830885,805743,500500,183183,112967,92219,110004,154709,156404,174839,151109,168538,213247,266912,258753,260589
 "09007","Middlesex, CT",1,CAGDP2,34,"42","  Wholesale trade ","Thousands of dollars",250428,268895,286169,302912,332980,366482,399466,451717,454107,498179,507221,(D),532415,495620,495635,447913,436563,441705,466427,460879,511199
 "09007","Middlesex, CT",1,CAGDP2,35,"44-45","  Retail trade ","Thousands of dollars",410454,426579,448859,478698,493147,498456,496203,483626,492759,513734,501706,524033,527219,543755,562042,566139,585600,604455,641017,633200,720541
 "09007","Middlesex, CT",1,CAGDP2,36,"48-49","  Transportation and warehousing ","Thousands of dollars",71767,69729,72702,79955,82141,92236,79869,81323,79871,92718,104907,92321,140329,98902,103241,95669,77592,102459,135579,113437,158091
 "09007","Middlesex, CT",1,CAGDP2,45,"51","  Information ","Thousands of dollars",116994,124056,140559,161227,157999,156512,177476,166277,159368,142398,132828,147450,180617,201644,190156,169514,139722,135877,141498,148128,175216
 "09007","Middlesex, CT",1,CAGDP2,50,"52, 53","  Finance, insurance, real estate, rental, and leasing ","Thousands of dollars",2560366,2243861,2571245,2777533,2869165,3109931,3335014,3155228,3257529,1920029,1897876,1733667,1724153,1813044,1836099,1870376,1953360,2107834,2189472,2207561,2335000
 "09007","Middlesex, CT",1,CAGDP2,51,"52","   Finance and insurance ","Thousands of dollars",1669858,1340928,1670605,1825414,1882722,2124002,2180846,1809605,1916002,442913,345993,329040,320714,370840,456987,485387,498179,503856,483146,488566,540775
 "09007","Middlesex, CT",1,CAGDP2,56,"53","   Real estate and rental and leasing ","Thousands of dollars",890507,902933,900640,952119,986443,985929,1154168,1345623,1341527,1477116,1551883,1404627,1403439,1442205,1379112,1384988,1455181,1603978,1706326,1718995,1794225
 "09007","Middlesex, CT",1,CAGDP2,59,"54, 55, 56","  Professional and business services ","Thousands of dollars",(D),524638,551748,(D),(D),639262,719057,788480,729632,747338,769962,788196,771542,824232,881797,909273,920651,790786,857675,866867,969031
 "09007","Middlesex, CT",1,CAGDP2,60,"54","   Professional, scientific, and technical services ","Thousands of dollars",265685,278049,279327,293963,308351,336555,350326,419296,400141,408667,420713,417496,424556,438405,472948,498004,513244,503674,519628,539865,592753
 "09007","Middlesex, CT",1,CAGDP2,64,"55","   Management of companies and enterprises ","Thousands of dollars",(D),110622,120347,(D),(D),127684,162880,163931,153917,160586,177732,217523,190605,198261,215923,212826,204652,69995,116563,89925,90797
 "09007","Middlesex, CT",1,CAGDP2,65,"56","   Administrative and support and waste management and remediation services ","Thousands of dollars",111265,135967,152074,178625,180929,175023,205851,205253,175574,178086,171517,153176,156381,187565,192926,198443,202756,217117,221484,237077,285481
 "09007","Middlesex, CT",1,CAGDP2,68,"61, 62","  Educational services, health care, and social assistance ","Thousands of dollars",584810,621481,646935,670880,696481,754658,812478,877276,929053,955365,978577,1018401,1041656,1053840,1090979,1131883,1159589,1197413,1232673,1221763,1242981
 "09007","Middlesex, CT",1,CAGDP2,69,"61","   Educational services ","Thousands of dollars",96750,108674,121345,123240,119344,135236,154612,168831,182147,188629,189253,187621,179526,179664,195326,203364,203163,211125,221400,207731,222929
 "09007","Middlesex, CT",1,CAGDP2,70,"62","   Health care and social assistance ","Thousands of dollars",488060,512807,525591,547640,577137,619423,657866,708444,746905,766736,789324,830779,862130,874176,895654,928519,956427,986288,1011273,1014032,1020053
 "09007","Middlesex, CT",1,CAGDP2,75,"71, 72","  Arts, entertainment, recreation, accommodation, and food services ","Thousands of dollars",243964,255733,265659,274454,292514,299633,293803,310954,313878,332109,337964,369559,364000,364065,394241,418365,441902,423837,429007,323183,446383
 "09007","Middlesex, CT",1,CAGDP2,76,"71","   Arts, entertainment, and recreation ","Thousands of dollars",73493,77123,88114,95912,101274,97896,89240,95906,98452,108903,104725,116958,105168,104595,104070,111431,112766,118102,101163,74799,115694
 "09007","Middlesex, CT",1,CAGDP2,79,"72","   Accommodation and food services ","Thousands of dollars",170471,178611,177545,178542,191240,201737,204563,215048,215425,223206,233238,252601,258832,259470,290171,306934,329136,305735,327845,248384,330689
 "09007","Middlesex, CT",1,CAGDP2,82,"81","  Other services (except government and government enterprises) ","Thousands of dollars",191521,211565,195555,179557,179167,188349,188532,191099,190728,202929,206387,204387,202599,209395,213497,214982,225231,231559,239745,212748,238050
 "09007","Middlesex, CT",1,CAGDP2,83,"...","Government and government enterprises ","Thousands of dollars",704357,730223,752164,796965,854748,878559,965696,1014629,1023981,1006166,1014540,1019108,1066971,1089763,1146976,1142876,1114919,1076443,1068539,1083399,1111910
 "09007","Middlesex, CT",1,CAGDP2,87,"11, 21","Natural resources and mining ","Thousands of dollars",(D),21108,17028,(D),(D),17855,21605,20791,38409,45725,46553,(D),55619,44148,13586,29804,(D),10056,35796,10540,16998
 "09007","Middlesex, CT",1,CAGDP2,88,"42, 44-45","Trade ","Thousands of dollars",660882,695474,735028,781611,826127,864938,895669,935343,946866,1011913,1008927,(D),1059634,1039375,1057678,1014052,1022163,1046160,1107444,1094079,1231739
 "09007","Middlesex, CT",1,CAGDP2,89,"22, 48-49","Transportation and utilities ","Thousands of dollars",(D),133817,145388,(D),(D),177609,170063,140140,138318,166504,329100,(D),470331,453540,535410,509137,547468,391153,380953,365687,439856
 "09007","Middlesex, CT",1,CAGDP2,90,"31-33, 51","Manufacturing and information ","Thousands of dollars",1349122,1499016,1527794,1815346,1786988,1982883,2045901,1756750,1375768,1382655,1391367,1612148,1668034,1619571,1770651,1633888,1745409,2067197,2250261,1924810,2117574
 "09007","Middlesex, CT",1,CAGDP2,91,"...","Private goods-producing industries 2/","Thousands of dollars",(D),1654623,1691270,(D),(D),2196191,2276894,1999072,1627311,1675738,1616946,(D),1956456,1966115,2054620,1968185,2092872,2457588,2637038,2254472,2459860
 "09007","Middlesex, CT",1,CAGDP2,92,"...","Private services-providing industries 3/","Thousands of dollars",(D),4810627,5252119,(D),(D),6190893,6592094,6564798,6665371,5478587,5661620,(D),5814532,5959137,6199857,6237581,6410087,6324620,6578467,6440016,7078259
 "09009","New Haven, CT",1,CAGDP2,1,"...","All industry total ","Thousands of dollars",32787051,34115311,34884568,37963177,39365092,41468861,42852584,43724188,42059114,42853652,43071379,43955995,45110863,45702211,47231537,48676761,49602145,51608531,53627447,53344561,57541201
 "09009","New Haven, CT",1,CAGDP2,2,"..."," Private industries ","Thousands of dollars",29255485,30434109,31089101,33998687,35227212,37171030,38323139,38922415,37237007,37950731,38035914,38958220,39996249,40422422,41693963,43163123,43964760,45894617,47925789,47566039,51567014
 "09009","New Haven, CT",1,CAGDP2,3,"11","  Agriculture, forestry, fishing and hunting ","Thousands of dollars",30352,19165,29429,42129,56262,58209,58846,60690,70242,73609,56260,51114,58485,37121,64325,25015,40178,41172,50765,56026,75545
 "09009","New Haven, CT",1,CAGDP2,6,"21","  Mining, quarrying, and oil and gas extraction ","Thousands of dollars",35280,37915,39802,39192,45472,56646,66628,55996,48297,63744,51214,60635,54640,64831,88038,114572,69887,77515,74279,31466,27722
 "09009","New Haven, CT",1,CAGDP2,10,"22","  Utilities ","Thousands of dollars",284345,230150,202393,307434,408621,430935,455127,356228,484241,492375,553481,495117,578155,542653,563142,541147,570924,813539,893564,1122715,1111730
 "09009","New Haven, CT",1,CAGDP2,11,"23","  Construction ","Thousands of dollars",1205397,1152756,1172843,1346674,1450478,1565293,1734497,1577361,1433794,1235940,1192224,1325393,1347755,1363856,1391898,1583249,1689348,1651848,1698116,1746150,1845918
 "09009","New Haven, CT",1,CAGDP2,12,"31-33","  Manufacturing ","Thousands of dollars",4652207,5203737,4923771,5896431,6046783,7141626,6664230,5629436,3972730,4188870,4086487,4228732,5257378,5051769,5071056,5143132,5480324,5883070,6237458,5802871,6255091
 "09009","New Haven, CT",1,CAGDP2,13,"321,327-339","   Durable goods manufacturing ","Thousands of dollars",2856601,2626180,2600705,2761135,2923890,2974087,3028867,3259065,3181675,3500394,3447520,3583419,4156056,4212124,4033833,4231604,4398263,4482470,4745211,4402512,4665453
 "09009","New Haven, CT",1,CAGDP2,25,"311-316,322-326","   Nondurable goods manufacturing ","Thousands of dollars",1795607,2577557,2323066,3135296,3122893,4167539,3635362,2370370,791054,688477,638967,645313,1101322,839646,1037223,911528,1082061,1400599,1492247,1400358,1589638
 "09009","New Haven, CT",1,CAGDP2,34,"42","  Wholesale trade ","Thousands of dollars",1777313,1748339,1903605,2153313,2465367,2769524,2999935,3131320,2919709,3083867,3184418,3405278,3170163,2870364,2680325,2478176,2336830,2422980,2400177,2430101,2792198
 "09009","New Haven, CT",1,CAGDP2,35,"44-45","  Retail trade ","Thousands of dollars",2332379,2456111,2520117,2657233,2694377,2709823,2697428,2613267,2612652,2613153,2566265,2657583,2667602,2688069,2778924,2806374,2907372,2930674,3058615,3090748,3548798
 "09009","New Haven, CT",1,CAGDP2,36,"48-49","  Transportation and warehousing ","Thousands of dollars",538203,540196,636518,665170,681556,688763,654527,691749,651200,666218,703900,642497,781454,779490,803947,850230,884493,1019134,1181067,1290151,1474817
 "09009","New Haven, CT",1,CAGDP2,45,"51","  Information ","Thousands of dollars",1873570,2011590,2134631,2261529,2400305,2385648,2340254,2278456,2054162,1987897,1882175,1551866,1622037,1529530,1750487,1790662,1683636,1711308,2023084,2119691,2405447
 "09009","New Haven, CT",1,CAGDP2,50,"52, 53","  Finance, insurance, real estate, rental, and leasing ","Thousands of dollars",7316705,7356328,7249880,7760011,7802511,7714400,8291686,9342786,9546015,9745684,9542182,9344186,9045173,9422846,9890643,10789548,10832881,11770583,12179230,12162559,12555401
 "09009","New Haven, CT",1,CAGDP2,51,"52","   Finance and insurance ","Thousands of dollars",1938296,1950409,2048447,2289066,2148667,2295370,2357844,2030682,1913025,1774382,1724189,1885303,1842974,2239446,2648378,2722453,2604201,2793342,2766222,2832691,3129592
 "09009","New Haven, CT",1,CAGDP2,56,"53","   Real estate and rental and leasing ","Thousands of dollars",5378410,5405919,5201433,5470945,5653844,5419031,5933842,7312104,7632990,7971301,7817993,7458883,7202199,7183399,7242266,8067094,8228680,8977240,9413007,9329868,9425809
 "09009","New Haven, CT",1,CAGDP2,59,"54, 55, 56","  Professional and business services ","Thousands of dollars",3182441,3208981,3454442,3636495,3740105,3845539,4271925,4507470,4241432,4307436,4455139,4834524,4872689,5296718,5545482,5643912,5841596,5618082,5568638,5500797,6054241
 "09009","New Haven, CT",1,CAGDP2,60,"54","   Professional, scientific, and technical services ","Thousands of dollars",1977272,1990771,2121534,2231067,2268539,2328966,2493145,2718872,2539949,2507110,2597491,2701558,2646825,2897745,3023756,3026590,3053687,3040229,3076510,3037687,3507604
 "09009","New Haven, CT",1,CAGDP2,64,"55","   Management of companies and enterprises ","Thousands of dollars",453265,436155,498493,491753,473742,466756,563124,533449,563459,608408,643889,812807,832569,913676,1004873,1031652,1110597,847265,754730,723844,569778
 "09009","New Haven, CT",1,CAGDP2,65,"56","   Administrative and support and waste management and remediation services ","Thousands of dollars",751904,782055,834415,913676,997825,1049818,1215656,1255149,1138024,1191919,1213759,1320158,1393295,1485297,1516853,1585670,1677312,1730587,1737398,1739266,1976858
 "09009","New Haven, CT",1,CAGDP2,68,"61, 62","  Educational services, health care, and social assistance ","Thousands of dollars",4335997,4652684,4970947,5267428,5430397,5773279,6078512,6636135,7141058,7436077,7649504,8038852,8194230,8420015,8573554,8830362,8949342,9158325,9644056,9736533,10320651
 "09009","New Haven, CT",1,CAGDP2,69,"61","   Educational services ","Thousands of dollars",1367551,1438558,1592086,1726512,1739224,1872298,2009070,2271973,2597019,2725592,2793773,2965356,3091031,3250665,3320123,3393423,3437597,3596062,3865408,3771135,4029590
 "09009","New Haven, CT",1,CAGDP2,70,"62","   Health care and social assistance ","Thousands of dollars",2968446,3214126,3378860,3540916,3691173,3900981,4069443,4364162,4544039,4710484,4855731,5073496,5103199,5169351,5253431,5436939,5511745,5562263,5778647,5965398,6291061
 "09009","New Haven, CT",1,CAGDP2,75,"71, 72","  Arts, entertainment, recreation, accommodation, and food services ","Thousands of dollars",856130,917220,987127,1096772,1145564,1145040,1094265,1104670,1121985,1133720,1190709,1363801,1394007,1364060,1466551,1524233,1632863,1724644,1830280,1500174,2015576
 "09009","New Haven, CT",1,CAGDP2,76,"71","   Arts, entertainment, and recreation ","Thousands of dollars",228547,236312,276061,311794,300897,302682,277037,267617,269316,277527,295989,346599,324059,334153,315912,311832,336086,359878,329251,274854,437113
 "09009","New Haven, CT",1,CAGDP2,79,"72","   Accommodation and food services ","Thousands of dollars",627583,680908,711065,784978,844667,842357,817228,837052,852669,856193,894719,1017202,1069948,1029908,1150639,1212401,1296777,1364766,1501029,1225321,1578463
 "09009","New Haven, CT",1,CAGDP2,82,"81","  Other services (except government and government enterprises) ","Thousands of dollars",835165,898940,863597,868877,859414,886304,915278,936850,939490,922141,921956,958644,952482,991100,1025591,1042511,1045083,1071743,1086461,976058,1083878
 "09009","New Haven, CT",1,CAGDP2,83,"...","Government and government enterprises ","Thousands of dollars",3531566,3681202,3795467,3964489,4137880,4297832,4529445,4801773,4822107,4902920,5035465,4997775,5114614,5279788,5537575,5513638,5637385,5713914,5701658,5778522,5974187
 "09009","New Haven, CT",1,CAGDP2,87,"11, 21","Natural resources and mining ","Thousands of dollars",65631,57079,69231,81322,101734,114855,125475,116687,118540,137353,107474,111748,113125,101952,152363,139587,110066,118687,125045,87492,103267
 "09009","New Haven, CT",1,CAGDP2,88,"42, 44-45","Trade ","Thousands of dollars",4109692,4204449,4423722,4810545,5159743,5479348,5697363,5744587,5532360,5697021,5750683,6062861,5837764,5558432,5459249,5284550,5244202,5353655,5458791,5520849,6340996
 "09009","New Haven, CT",1,CAGDP2,89,"22, 48-49","Transportation and utilities ","Thousands of dollars",822549,770346,838911,972604,1090177,1119697,1109654,1047977,1135441,1158593,1257381,1137614,1359609,1322143,1367088,1391377,1455417,1832673,2074631,2412865,2586547
 "09009","New Haven, CT",1,CAGDP2,90,"31-33, 51","Manufacturing and information ","Thousands of dollars",6525777,7215327,7058401,8157959,8447088,9527274,9004484,7907892,6026892,6176767,5968662,5780598,6879415,6581299,6821544,6933794,7163961,7594378,8260542,7922561,8660538
 "09009","New Haven, CT",1,CAGDP2,91,"...","Private goods-producing industries 2/","Thousands of dollars",5923236,6413572,6165845,7324427,7598995,8821774,8524202,7323483,5525063,5562164,5386185,5665874,6718258,6517578,6615317,6865968,7279738,7653605,8060618,7636512,8204276
 "09009","New Haven, CT",1,CAGDP2,92,"...","Private services-providing industries 3/","Thousands of dollars",23332249,24020537,24923256,26674261,27628217,28349255,29798938,31598932,31711944,32388568,32649729,33292346,33277991,33904845,35078646,36297155,36685022,38241013,39865171,39929527,43362738
 "09011","New London, CT",1,CAGDP2,1,"...","All industry total ","Thousands of dollars",11123773,11871405,12773336,14572738,15508307,16901072,18507889,17835544,16112215,16103032,16197317,16304000,17090230,16542493,17363427,17638701,18925065,19573722,20105706,18865561,20743047
 "09011","New London, CT",1,CAGDP2,2,"..."," Private industries ","Thousands of dollars",8480372,8989602,9740359,11224643,11711889,12873201,14274429,13436802,11814575,11826112,11745609,11936517,12615713,12427521,13182291,13327777,14467976,15414350,16150583,15160877,16670350
 "09011","New London, CT",1,CAGDP2,3,"11","  Agriculture, forestry, fishing and hunting ","Thousands of dollars",54477,19795,70446,100079,69476,73254,108584,148903,117096,95171,97332,116541,143323,31140,170291,48747,148345,157440,130193,137645,145390
 "09011","New London, CT",1,CAGDP2,6,"21","  Mining, quarrying, and oil and gas extraction ","Thousands of dollars",7205,5861,7823,7775,8795,15948,17465,12468,11821,15592,11253,14663,14468,16121,22686,25568,16492,16722,15527,23412,24432
 "09011","New London, CT",1,CAGDP2,10,"22","  Utilities ","Thousands of dollars",1224146,1030920,1255845,1274387,1338578,1503041,1622657,1248654,1649338,1706214,1695399,1530170,1697451,1656185,1679254,1661540,1922487,1599632,1618862,1736949,1810426
 "09011","New London, CT",1,CAGDP2,11,"23","  Construction ","Thousands of dollars",217693,231300,233722,406512,464487,322569,452454,453693,416303,385005,389858,441563,418351,409608,413121,457019,382922,367643,428597,363190,378786
 "09011","New London, CT",1,CAGDP2,12,"31-33","  Manufacturing ","Thousands of dollars",1817752,2112166,2392413,3294223,3330096,4156116,4814427,3623787,1627556,1601270,1468047,1563679,2189752,2270541,2672028,2639798,3315136,4425057,4825061,4173527,4835433
 "09011","New London, CT",1,CAGDP2,13,"321,327-339","   Durable goods manufacturing ","Thousands of dollars",(D),(D),(D),(D),(D),(D),(D),(D),(D),(D),(D),(D),1490349,1609308,1945814,1982144,2470720,3209227,3686802,2937501,3440522
 "09011","New London, CT",1,CAGDP2,25,"311-316,322-326","   Nondurable goods manufacturing ","Thousands of dollars",(D),(D),(D),(D),(D),(D),(D),(D),(D),(D),(D),(D),699403,661232,726215,657654,844415,1215830,1138260,1236025,1394912
 "09011","New London, CT",1,CAGDP2,34,"42","  Wholesale trade ","Thousands of dollars",194609,203409,226525,264410,353746,465450,580388,694193,698787,749590,778390,860288,760049,695078,652837,576841,522530,502355,501534,494069,566777
 "09011","New London, CT",1,CAGDP2,35,"44-45","  Retail trade ","Thousands of dollars",688639,721684,797132,832153,853859,841879,852964,798849,779823,785497,789400,803459,820770,823694,861207,867189,888709,893485,941505,945828,1065000
 "09011","New London, CT",1,CAGDP2,36,"48-49","  Transportation and warehousing ","Thousands of dollars",152845,154957,177515,191752,194855,212448,239894,269610,281417,288220,293525,283721,257071,257410,281331,290306,305838,304806,300266,256949,286603
 "09011","New London, CT",1,CAGDP2,45,"51","  Information ","Thousands of dollars",199128,207155,222856,263708,280002,307666,374605,349739,321537,277431,243166,284367,309290,281855,269989,305115,350146,405765,414344,420598,456323
 "09011","New London, CT",1,CAGDP2,50,"52, 53","  Finance, insurance, real estate, rental, and leasing ","Thousands of dollars",1631375,1759757,1697354,1773872,1857634,1874016,1943989,2370504,2355280,2429096,2443472,2397115,2296007,2267328,2334039,2423596,2500726,2610861,2810237,2811897,2886209
 "09011","New London, CT",1,CAGDP2,51,"52","   Finance and insurance ","Thousands of dollars",282485,293832,289600,301282,284266,304656,287860,275893,308381,294974,286462,302330,297843,307732,326330,334604,350908,394111,381690,397101,433187
 "09011","New London, CT",1,CAGDP2,56,"53","   Real estate and rental and leasing ","Thousands of dollars",1348890,1465925,1407754,1472590,1573368,1569360,1656129,2094611,2046900,2134122,2157010,2094784,1998164,1959595,2007710,2088992,2149818,2216750,2428547,2414796,2453022
 "09011","New London, CT",1,CAGDP2,59,"54, 55, 56","  Professional and business services ","Thousands of dollars",857669,981062,995457,1016551,1029678,1086715,1224632,1308196,1256314,1234868,1250726,1265783,1303744,1303113,1298599,1281659,1310000,1221230,1237154,1205956,1285366
 "09011","New London, CT",1,CAGDP2,60,"54","   Professional, scientific, and technical services ","Thousands of dollars",534943,654533,668884,696030,705438,746273,843798,927255,917793,904269,918562,895383,912676,899837,891876,859919,865487,837917,862331,839501,885931
 "09011","New London, CT",1,CAGDP2,64,"55","   Management of companies and enterprises ","Thousands of dollars",118761,121563,130527,132678,134328,140331,158389,157176,141543,149780,157486,188029,195961,199988,200144,213750,216629,142158,121682,113542,116450
 "09011","New London, CT",1,CAGDP2,65,"56","   Administrative and support and waste management and remediation services ","Thousands of dollars",203965,204966,196045,187843,189912,200110,222446,223764,196979,180819,174679,182370,195107,203288,206580,207990,227885,241155,253140,252912,282985
 "09011","New London, CT",1,CAGDP2,68,"61, 62","  Educational services, health care, and social assistance ","Thousands of dollars",836557,891192,940788,978994,1012902,1073760,1122867,1229535,1309452,1349132,1384013,1412409,1421502,1426117,1433905,1486856,1534021,1570744,1696384,1717753,1828686
 "09011","New London, CT",1,CAGDP2,69,"61","   Educational services ","Thousands of dollars",108480,108855,121369,134137,130427,142455,147314,159000,179286,180969,182963,179318,180132,186925,193374,205042,208282,207221,210819,200398,207115
 "09011","New London, CT",1,CAGDP2,70,"62","   Health care and social assistance ","Thousands of dollars",728077,782337,819418,844857,882476,931304,975553,1070535,1130166,1168164,1201050,1233091,1241370,1239192,1240530,1281814,1325740,1363523,1485565,1517356,1621571
 "09011","New London, CT",1,CAGDP2,75,"71, 72","  Arts, entertainment, recreation, accommodation, and food services ","Thousands of dollars",384880,427908,489807,581288,685071,697064,668855,675036,738486,658375,652391,709037,727841,716406,819846,987757,994511,1059158,951596,631394,823995
 "09011","New London, CT",1,CAGDP2,76,"71","   Arts, entertainment, and recreation ","Thousands of dollars",80181,86756,137230,240725,297248,248844,244244,220374,265461,189981,185684,153291,159685,198018,231687,349406,281006,290513,154190,137997,188202
 "09011","New London, CT",1,CAGDP2,79,"72","   Accommodation and food services ","Thousands of dollars",304699,341152,352577,340563,387823,448220,424611,454661,473024,468394,466707,555746,568156,518387,588159,638352,713505,768646,797406,493397,635793
 "09011","New London, CT",1,CAGDP2,82,"81","  Other services (except government and government enterprises) ","Thousands of dollars",213395,242437,232676,238939,232709,243277,250648,253635,251363,250649,248637,253724,256093,272927,273159,275784,276113,279452,279323,241710,276923
 "09011","New London, CT",1,CAGDP2,83,"...","Government and government enterprises ","Thousands of dollars",2643401,2881802,3032977,3348096,3796419,4027871,4233460,4398742,4297640,4276921,4451707,4367482,4474517,4114972,4181136,4310925,4457089,4159372,3955123,3704684,4072697
 "09011","New London, CT",1,CAGDP2,87,"11, 21","Natural resources and mining ","Thousands of dollars",61683,25655,78269,107854,78272,89202,126049,161371,128918,110763,108585,131203,157791,47260,192977,74315,164837,174162,145720,161057,169822
 "09011","New London, CT",1,CAGDP2,88,"42, 44-45","Trade ","Thousands of dollars",883248,925093,1023657,1096563,1207605,1307328,1433352,1493042,1478610,1535088,1567790,1663747,1580820,1518771,1514044,1444030,1411240,1395841,1443040,1439897,1631777
 "09011","New London, CT",1,CAGDP2,89,"22, 48-49","Transportation and utilities ","Thousands of dollars",1376992,1185877,1433361,1466139,1533433,1715489,1862551,1518264,1930755,1994435,1988925,1813891,1954522,1913595,1960585,1951847,2228325,1904438,1919128,1993899,2097028
 "09011","New London, CT",1,CAGDP2,90,"31-33, 51","Manufacturing and information ","Thousands of dollars",2016880,2319322,2615269,3557931,3610098,4463782,5189032,3973526,1949094,1878701,1711213,1848046,2499042,2552395,2942017,2944913,3665282,4830822,5239406,4594124,5291756
 "09011","New London, CT",1,CAGDP2,91,"...","Private goods-producing industries 2/","Thousands of dollars",2097128,2369122,2704404,3808589,3872855,4567886,5392931,4238851,2172776,2097038,1966489,2136445,2765894,2727409,3278126,3171132,3862895,4966862,5399378,4697774,5384041
 "09011","New London, CT",1,CAGDP2,92,"...","Private services-providing industries 3/","Thousands of dollars",6383244,6620480,7035955,7416054,7839034,8305315,8881498,9197951,9641798,9729074,9779120,9800072,9849819,9700112,9904165,10156644,10605082,10447488,10751204,10463104,11286309
 "09013","Tolland, CT",1,CAGDP2,1,"...","All industry total ","Thousands of dollars",3446441,3526097,3650069,3849867,4045089,4220751,4562972,4747509,4704623,4805404,4802310,4864390,4871955,4995523,5079224,5141146,5431122,5510484,5787336,5892273,6352285
 "09013","Tolland, CT",1,CAGDP2,2,"..."," Private industries ","Thousands of dollars",2587615,2636378,2738881,2903688,3030145,3234373,3454373,3548272,3513569,3619926,3592982,3645330,3608320,3667699,3689002,3723552,3905576,3945414,4275243,4312018,4752165
 "09013","Tolland, CT",1,CAGDP2,3,"11","  Agriculture, forestry, fishing and hunting ","Thousands of dollars",(D),(D),(D),24080,23675,(D),(D),(D),(D),(D),(D),(D),(D),(D),(D),(D),(D),(D),(D),(D),19249
 "09013","Tolland, CT",1,CAGDP2,6,"21","  Mining, quarrying, and oil and gas extraction ","Thousands of dollars",8414,8177,9355,9367,10073,11716,9276,5504,4727,7553,6866,8972,8408,9387,12009,12795,7394,7888,7528,12601,(D)
 "09013","Tolland, CT",1,CAGDP2,10,"22","  Utilities ","Thousands of dollars",13709,14527,14981,13495,(D),(D),(D),(D),(D),(D),(D),(D),(D),(D),(D),(D),(D),(D),(D),(D),(D)
 "09013","Tolland, CT",1,CAGDP2,11,"23","  Construction ","Thousands of dollars",220699,204424,204999,252486,263326,288008,283457,241525,249895,230775,224478,244268,228519,238016,198969,206879,218058,192866,213152,229174,202920
 "09013","Tolland, CT",1,CAGDP2,12,"31-33","  Manufacturing ","Thousands of dollars",280466,274007,281397,301300,342967,446153,442802,354944,301432,289453,277136,279658,320203,331350,351600,(D),(D),(D),(D),483938,495818
 "09013","Tolland, CT",1,CAGDP2,13,"321,327-339","   Durable goods manufacturing ","Thousands of dollars",180342,165283,173507,183663,218219,295044,296635,226668,219775,207107,198982,201840,219127,227960,233407,226160,255078,279077,297553,294600,278971
 "09013","Tolland, CT",1,CAGDP2,25,"311-316,322-326","   Nondurable goods manufacturing ","Thousands of dollars",100123,108724,107890,117637,124748,151109,146167,128275,81657,82345,78154,77819,101075,103390,118193,(D),(D),(D),(D),189338,216847
 "09013","Tolland, CT",1,CAGDP2,34,"42","  Wholesale trade ","Thousands of dollars",110716,118682,123757,123889,(D),(D),(D),(D),(D),(D),(D),(D),(D),(D),(D),(D),(D),(D),(D),(D),(D)
 "09013","Tolland, CT",1,CAGDP2,35,"44-45","  Retail trade ","Thousands of dollars",227076,235549,252016,264389,285528,292735,302493,294105,318670,325499,315125,316254,320156,321562,326536,326280,337489,345110,362897,361974,404185
 "09013","Tolland, CT",1,CAGDP2,36,"48-49","  Transportation and warehousing ","Thousands of dollars",(D),(D),(D),(D),51375,58434,52227,55409,50190,62231,59926,53339,59850,60037,66601,69549,77208,97380,108139,106267,119111
 "09013","Tolland, CT",1,CAGDP2,45,"51","  Information ","Thousands of dollars",62021,79309,80028,98769,104396,108899,119641,115667,92171,83463,81147,75420,90787,93788,93644,97624,101622,101283,104406,106393,117113
 "09013","Tolland, CT",1,CAGDP2,50,"52, 53","  Finance, insurance, real estate, rental, and leasing ","Thousands of dollars",816925,817340,836989,866792,896831,897764,1049578,1189702,1222258,1283866,1247589,1206039,1168071,1212546,1256043,1258512,1365357,1471057,1638031,1759689,2001080
 "09013","Tolland, CT",1,CAGDP2,51,"52","   Finance and insurance ","Thousands of dollars",108366,121548,118135,112746,104699,115418,113815,114084,136356,146271,145656,125146,123632,139944,168944,204373,239895,208173,209106,201144,224855
 "09013","Tolland, CT",1,CAGDP2,56,"53","   Real estate and rental and leasing ","Thousands of dollars",708559,695792,718854,754047,792132,782346,935762,1075618,1085902,1137594,1101933,1080893,1044440,1072602,1087100,1054139,1125462,1262884,1428926,1558545,1776224
 "09013","Tolland, CT",1,CAGDP2,59,"54, 55, 56","  Professional and business services ","Thousands of dollars",(D),306933,321031,(D),332929,356793,387730,430963,401112,409305,440295,449746,427006,431234,427846,429059,436465,315988,311219,290205,332528
 "09013","Tolland, CT",1,CAGDP2,60,"54","   Professional, scientific, and technical services ","Thousands of dollars",140806,148484,150262,(D),153619,164432,169701,208591,195850,199030,207403,181287,176541,189204,192389,192427,198362,208401,208278,193434,221005
 "09013","Tolland, CT",1,CAGDP2,64,"55","   Management of companies and enterprises ","Thousands of dollars",(D),101190,111775,(D),(D),121022,134605,134885,119891,(D),141650,163003,169722,162160,155466,156529,155386,16504,6676,6261,6980
 "09013","Tolland, CT",1,CAGDP2,65,"56","   Administrative and support and waste management and remediation services ","Thousands of dollars",(D),57259,58994,62512,(D),71339,83424,87487,85372,(D),91242,105455,80743,79870,79991,80102,82717,91083,96264,90510,104543
 "09013","Tolland, CT",1,CAGDP2,68,"61, 62","  Educational services, health care, and social assistance ","Thousands of dollars",232411,250716,266381,290793,298217,317767,335212,364067,381486,400128,398000,415376,414102,405563,403031,421241,423034,437022,451571,433279,443922
 "09013","Tolland, CT",1,CAGDP2,69,"61","   Educational services ","Thousands of dollars",8338,9577,10616,12330,11721,12701,15541,15970,18588,22060,23954,25469,26215,28881,27937,30241,28381,27545,33165,32562,38217
 "09013","Tolland, CT",1,CAGDP2,70,"62","   Health care and social assistance ","Thousands of dollars",224073,241138,255765,278464,286496,305066,319670,348096,362898,378068,374047,389907,387887,376682,375094,391000,394654,409477,418405,400717,405704
 "09013","Tolland, CT",1,CAGDP2,75,"71, 72","  Arts, entertainment, recreation, accommodation, and food services ","Thousands of dollars",140376,151752,157103,149790,152879,149263,145990,148402,153096,159527,160183,177172,184681,183514,190127,194478,200037,201809,215162,202640,251558
 "09013","Tolland, CT",1,CAGDP2,76,"71","   Arts, entertainment, and recreation ","Thousands of dollars",34046,36596,39923,40037,39528,37725,36151,36713,38438,44868,40395,45603,45655,46938,40081,38873,38172,39096,41474,50045,63819
 "09013","Tolland, CT",1,CAGDP2,79,"72","   Accommodation and food services ","Thousands of dollars",106330,115156,117180,109753,113351,111538,109839,111689,114657,114659,119789,131569,139026,136576,150046,155606,161865,162713,173688,152595,187739
 "09013","Tolland, CT",1,CAGDP2,82,"81","  Other services (except government and government enterprises) ","Thousands of dollars",128478,144631,132039,128752,124497,129317,129758,133058,135177,133507,133508,136005,138042,145421,149457,150052,148222,153837,156159,147095,161041
 "09013","Tolland, CT",1,CAGDP2,83,"...","Government and government enterprises ","Thousands of dollars",858826,889718,911189,946179,1014944,986378,1108599,1199238,1191055,1185478,1209327,1219060,1263635,1327824,1390223,1417593,1525547,1565069,1512093,1580255,1600120
 "09013","Tolland, CT",1,CAGDP2,87,"11, 21","Natural resources and mining ","Thousands of dollars",(D),(D),(D),33447,33748,(D),(D),(D),(D),(D),(D),(D),(D),(D),(D),(D),(D),(D),(D),(D),(D)
 "09013","Tolland, CT",1,CAGDP2,88,"42, 44-45","Trade ","Thousands of dollars",337791,354231,375773,388278,(D),(D),(D),(D),(D),(D),(D),(D),(D),(D),(D),(D),(D),(D),(D),(D),(D)
 "09013","Tolland, CT",1,CAGDP2,89,"22, 48-49","Transportation and utilities ","Thousands of dollars",(D),(D),(D),(D),(D),(D),(D),(D),(D),(D),(D),(D),(D),(D),(D),(D),(D),(D),(D),(D),(D)
 "09013","Tolland, CT",1,CAGDP2,90,"31-33, 51","Manufacturing and information ","Thousands of dollars",342487,353316,361425,400069,447363,555052,562443,470611,393604,372916,358283,355078,410990,425138,445244,(D),(D),(D),(D),590331,612931
 "09013","Tolland, CT",1,CAGDP2,91,"...","Private goods-producing industries 2/","Thousands of dollars",(D),(D),(D),587232,640042,(D),(D),(D),(D),(D),(D),(D),(D),(D),(D),597644,635895,642488,757670,(D),(D)
 "09013","Tolland, CT",1,CAGDP2,92,"...","Private services-providing industries 3/","Thousands of dollars",(D),(D),(D),2316456,2390103,(D),(D),(D),(D),(D),(D),(D),(D),(D),(D),3125909,3269681,3302926,3517573,(D),(D)
 "09015","Windham, CT",1,CAGDP2,1,"...","All industry total ","Thousands of dollars",3018745,3318971,3354795,3479613,3766620,4175858,3954224,3849178,3945732,4159777,4320125,4314102,4516394,4476464,4689647,4717257,4714007,4904782,5194458,5192265,5494372
 "09015","Windham, CT",1,CAGDP2,2,"..."," Private industries ","Thousands of dollars",2618881,2899572,2926213,3028267,3290500,3688713,3423334,3287765,3375170,3587348,3771696,3738088,3925104,3864983,4059920,4088638,4082764,4274378,4573167,4567925,4852306
 "09015","Windham, CT",1,CAGDP2,3,"11","  Agriculture, forestry, fishing and hunting ","Thousands of dollars",(D),44401,53789,55306,(D),31539,24566,(D),(D),(D),(D),(D),(D),(D),(D),(D),(D),(D),(D),9355,13390
 "09015","Windham, CT",1,CAGDP2,6,"21","  Mining, quarrying, and oil and gas extraction ","Thousands of dollars",7374,6268,7717,8781,8455,10594,12314,9872,8789,12802,12568,15719,14218,14801,20578,27737,16201,18899,17626,26051,30276
 "09015","Windham, CT",1,CAGDP2,10,"22","  Utilities ","Thousands of dollars",(D),241543,169246,175820,(D),339425,340930,201294,261827,(D),506711,374005,422197,(D),430780,483138,514949,453555,474698,571221,527220
 "09015","Windham, CT",1,CAGDP2,11,"23","  Construction ","Thousands of dollars",187497,187740,163541,130426,151882,171770,169963,(D),(D),(D),(D),(D),(D),(D),(D),(D),(D),(D),(D),145335,159149
 "09015","Windham, CT",1,CAGDP2,12,"31-33","  Manufacturing ","Thousands of dollars",734655,768178,825296,875858,997695,1135442,795269,704635,545158,572964,617832,669922,749303,746530,834660,775165,862176,960891,1034891,955651,1032339
 "09015","Windham, CT",1,CAGDP2,13,"321,327-339","   Durable goods manufacturing ","Thousands of dollars",291128,266883,295843,349213,432704,520801,297499,316969,289192,316886,332999,349576,339868,351443,353552,331821,347393,389638,402508,364548,423616
 "09015","Windham, CT",1,CAGDP2,25,"311-316,322-326","   Nondurable goods manufacturing ","Thousands of dollars",443527,501295,529453,526645,564991,614641,497770,387666,255966,256078,284833,320345,409435,395086,481109,443343,514782,571254,632383,591103,608724
 "09015","Windham, CT",1,CAGDP2,34,"42","  Wholesale trade ","Thousands of dollars",92247,96387,103074,122558,146890,163677,163803,173032,156555,150077,151903,165053,163770,151751,137055,126922,120489,126765,132074,134558,148477
 "09015","Windham, CT",1,CAGDP2,35,"44-45","  Retail trade ","Thousands of dollars",229917,237197,251593,259774,273101,265289,260331,259344,269782,283541,286583,296851,295545,302481,314252,317647,326176,332224,349624,371539,424400
 "09015","Windham, CT",1,CAGDP2,36,"48-49","  Transportation and warehousing ","Thousands of dollars",79780,77009,86278,98610,125382,163643,158923,152398,147661,146441,154963,146242,160338,170209,170818,174901,179314,191411,215110,174537,182505
 "09015","Windham, CT",1,CAGDP2,45,"51","  Information ","Thousands of dollars",55784,61298,62754,62071,69349,75211,87294,94688,100367,93603,79885,76206,107710,119573,128662,121800,81220,82082,90462,88565,92964
 "09015","Windham, CT",1,CAGDP2,50,"52, 53","  Finance, insurance, real estate, rental, and leasing ","Thousands of dollars",512007,520883,522882,543923,542790,595892,661618,724924,773218,833932,781754,760576,752785,701716,772325,780423,816968,904707,987469,1037405,1104065
 "09015","Windham, CT",1,CAGDP2,51,"52","   Finance and insurance ","Thousands of dollars",74739,83829,84870,90617,83152,89109,84769,81988,82912,83097,84900,85013,81168,89159,98146,99732,98639,109123,108009,117855,124076
 "09015","Windham, CT",1,CAGDP2,56,"53","   Real estate and rental and leasing ","Thousands of dollars",437267,437053,438012,453305,459638,506782,576848,642937,690306,750835,696854,675563,671617,612557,674179,680690,718329,795584,879460,919549,979989
 "09015","Windham, CT",1,CAGDP2,59,"54, 55, 56","  Professional and business services ","Thousands of dollars",(D),157385,164990,170833,(D),178368,186695,194341,306341,(D),354493,383340,384893,374217,382041,372933,247682,262192,267341,248244,272240
 "09015","Windham, CT",1,CAGDP2,60,"54","   Professional, scientific, and technical services ","Thousands of dollars",90371,89052,91675,95613,93152,98139,102299,101782,103764,97951,111129,112686,107662,111162,116294,108250,110941,113500,116074,111893,123386
 "09015","Windham, CT",1,CAGDP2,64,"55","   Management of companies and enterprises ","Thousands of dollars",14816,14630,16693,19151,20516,17047,18504,18488,129362,(D),138813,162837,171178,165087,164730,163011,23177,38030,31017,18222,21932
 "09015","Windham, CT",1,CAGDP2,65,"56","   Administrative and support and waste management and remediation services ","Thousands of dollars",(D),53703,56622,56069,(D),63181,65892,74071,73215,92520,104552,107817,106053,97968,101017,101672,113564,110662,120250,118129,126922
 "09015","Windham, CT",1,CAGDP2,68,"61, 62","  Educational services, health care, and social assistance ","Thousands of dollars",286106,303875,320516,335246,342373,362588,366393,411719,439258,452128,456525,487169,484580,477151,477967,494145,512943,531861,560989,559097,568306
 "09015","Windham, CT",1,CAGDP2,69,"61","   Educational services ","Thousands of dollars",40286,42239,45303,50204,50537,53590,41738,45945,50669,51303,54314,60163,59414,63194,63646,67056,71264,77011,79905,73307,74429
 "09015","Windham, CT",1,CAGDP2,70,"62","   Health care and social assistance ","Thousands of dollars",245820,261636,275213,285042,291836,308998,324655,365774,388589,400826,402211,427006,425166,413957,414322,427089,441679,454849,481084,485791,493877
 "09015","Windham, CT",1,CAGDP2,75,"71, 72","  Arts, entertainment, recreation, accommodation, and food services ","Thousands of dollars",100156,107620,107252,101118,105581,107859,108285,106063,110756,112776,119397,128322,134522,(D),142096,145111,152407,158899,180142,154384,194976
 "09015","Windham, CT",1,CAGDP2,76,"71","   Arts, entertainment, and recreation ","Thousands of dollars",18648,16105,16926,18284,16262,16629,16374,14525,14773,16865,16701,16990,16165,15839,12388,10969,9114,8524,14454,18751,23574
 "09015","Windham, CT",1,CAGDP2,79,"72","   Accommodation and food services ","Thousands of dollars",81508,91515,90326,82834,89319,91230,91911,91538,95983,95911,102697,111331,118357,(D),129708,134142,143293,150375,165688,135633,171402
 "09015","Windham, CT",1,CAGDP2,82,"81","  Other services (except government and government enterprises) ","Thousands of dollars",82269,89787,87285,87944,85236,87417,86950,88475,95246,92329,92409,94059,93867,93825,93266,93878,94666,98520,100891,91980,101998
 "09015","Windham, CT",1,CAGDP2,83,"...","Government and government enterprises ","Thousands of dollars",399863,419399,428582,451346,476120,487146,530890,561413,570562,572429,548429,576014,591290,611482,629727,628619,631243,630405,621290,624340,642066
 "09015","Windham, CT",1,CAGDP2,87,"11, 21","Natural resources and mining ","Thousands of dollars",(D),50669,61506,64087,(D),42133,36879,(D),(D),(D),(D),(D),(D),(D),(D),(D),(D),(D),(D),35407,43666
 "09015","Windham, CT",1,CAGDP2,88,"42, 44-45","Trade ","Thousands of dollars",322164,333584,354667,382332,419991,428966,424134,432375,426337,433618,438486,461904,459316,454232,451307,444568,446664,458989,481699,506098,572876
 "09015","Windham, CT",1,CAGDP2,89,"22, 48-49","Transportation and utilities ","Thousands of dollars",(D),318552,255525,274430,(D),503067,499852,353692,409488,(D),661675,520247,582536,(D),601598,658039,694263,644966,689808,745759,709726
 "09015","Windham, CT",1,CAGDP2,90,"31-33, 51","Manufacturing and information ","Thousands of dollars",790439,829476,888050,937929,1067044,1210653,882564,799323,645525,666567,697717,746127,857013,866103,963323,896965,943396,1042973,1125352,1044217,1125303
 "09015","Windham, CT",1,CAGDP2,91,"...","Private goods-producing industries 2/","Thousands of dollars",(D),1006588,1050343,1070371,(D),1349345,1002112,881488,714157,737389,787071,826264,924896,931664,1010657,977740,1035951,1132162,1214366,1136393,1235155
 "09015","Windham, CT",1,CAGDP2,92,"...","Private services-providing industries 3/","Thousands of dollars",(D),1892984,1875871,1957896,(D),2339368,2421222,2406277,2661013,2849959,2984624,2911824,3000208,2933319,3049263,3110897,3046813,3142215,3358801,3431532,3617152
"Note: See the included footnote file."
"CAGDP2: Gross domestic product (GDP) by county and metropolitan area 1/"
"Last updated: December 8, 2022 -- new statistics for 2021, revised statistics for 2017-2020."
"U.S. Bureau of Economic Analysis"
