state_abbrev,state_name,county_name,county_fips,project_count_eia_2021,total_capacity_mw_eia_2021,avg_capacity_mw_eia_2021,project_count_gem_2021,total_capacity_mw_gem_2021,avg_capacity_mw_gem_2021,capacity_diff_mw_eia_2021_minus_gem_2021,project_count_diff_eia_2021_minus_gem_2021
AK,Alaska,NORTHWEST ARCTIC,,8.0,0.8,0.1,,,,0.8,8.0
AL,Alabama,Calhoun,01015,1.0,7.4,7.4,1.0,7.4,7.4,0.0,0.0
AL,Alabama,Chambers,01017,1.0,79.2,79.2,1.0,79.2,79.2,0.0,0.0
AL,Alabama,Colbert,01033,1.0,227.0,227.0,1.0,227.0,227.0,0.0,0.0
AL,Alabama,Dale,01045,1.0,10.6,10.6,1.0,10.6,10.6,0.0,0.0
AL,Alabama,Lauderdale,01077,1.0,75.0,75.0,1.0,75.0,75.0,0.0,0.0
AL,Alabama,Limestone,01083,1.0,14.7,14.7,1.0,14.7,14.7,0.0,0.0
AL,Alabama,Madison,01089,1.0,10.0,10.0,1.0,10.0,10.0,0.0,0.0
AL,Alabama,Russell,01113,,,,1.0,30.0,30.0,-30.0,-1.0
AR,Arkansas,Arkansas,05001,1.0,81.0,81.0,1.0,81.0,81.0,0.0,0.0
AR,Arkansas,Ashley,05003,,,,1.0,1.0,1.0,-1.0,-1.0
AR,Arkansas,Calhoun,05013,1.0,12.0,12.0,2.0,14.0,7.0,-2.0,-1.0
AR,Arkansas,Carroll,05015,,,,1.0,1.0,1.0,-1.0,-1.0
AR,Arkansas,Chicot,05017,1.0,100.0,100.0,1.0,100.0,100.0,0.0,0.0
AR,Arkansas,Clark,05019,,,,1.0,1.0,1.0,-1.0,-1.0
AR,Arkansas,Clay,05021,,,,1.0,1.0,1.0,-1.0,-1.0
AR,Arkansas,Craighead,05031,,,,1.0,1.0,1.0,-1.0,-1.0
AR,Arkansas,Franklin,05047,1.0,5.0,5.0,1.0,5.0,5.0,0.0,0.0
AR,Arkansas,Fulton,05049,,,,1.0,1.0,1.0,-1.0,-1.0
AR,Arkansas,Garland,05051,1.0,1.0,1.0,1.0,1.0,1.0,0.0,0.0
AR,Arkansas,Greene,05055,,,,1.0,1.5,1.5,-1.5,-1.0
AR,Arkansas,Jackson,05067,,,,1.0,1.0,1.0,-1.0,-1.0
AR,Arkansas,Johnson,05071,2.0,7.2,3.6,2.0,7.2,3.6,0.0,0.0
AR,Arkansas,Lincoln,05079,,,,2.0,2.0,1.0,-2.0,-2.0
AR,Arkansas,Logan,05083,1.0,1.5,1.5,1.0,1.5,1.5,0.0,0.0
AR,Arkansas,Miller,05091,,,,1.0,1.0,1.0,-1.0,-1.0
AR,Arkansas,Ouachita,05103,1.0,2.0,2.0,1.0,1.0,1.0,1.0,0.0
AR,Arkansas,Polk,05113,,,,1.0,1.0,1.0,-1.0,-1.0
AR,Arkansas,Saline,05125,1.0,1.0,1.0,2.0,2.0,1.0,-1.0,-1.0
AR,Arkansas,St Francis,,2.0,2.0,1.0,,,,2.0,2.0
AR,Arkansas,St. Francis,05123,,,,3.0,3.0,1.0,-3.0,-3.0
AR,Arkansas,Washington,05143,3.0,11.0,3.6666666666666665,4.0,13.4,3.35,-2.4000000000000004,-1.0
AR,Arkansas,White,05145,,,,2.0,3.8,1.9,-3.8,-2.0
AZ,Arizona,Apache,04001,3.0,13.4,4.466666666666667,3.0,13.4,4.466666666666667,0.0,0.0
AZ,Arizona,Cochise,04003,6.0,138.7,23.116666666666664,6.0,138.7,23.116666666666664,0.0,0.0
AZ,Arizona,GILA,,1.0,20.0,20.0,,,,20.0,1.0
AZ,Arizona,La Paz,04012,1.0,32.5,32.5,1.0,32.5,32.5,0.0,0.0
AZ,Arizona,Maricopa,04013,58.0,1374.4,23.696551724137933,36.0,1298.7,36.075,75.70000000000005,22.0
AZ,Arizona,Mohave,04015,7.0,84.3,12.042857142857143,6.0,84.7,14.116666666666667,-0.4000000000000057,1.0
AZ,Arizona,Navajo,04017,2.0,55.3,27.65,2.0,55.3,27.65,0.0,0.0
AZ,Arizona,Pima,04019,27.0,284.9,10.55185185185185,27.0,285.7,10.58148148148148,-0.8000000000000114,0.0
AZ,Arizona,Pinal,04021,9.0,320.0,35.55555555555556,12.0,385.3,32.108333333333334,-65.30000000000001,-3.0
AZ,Arizona,Santa Cruz,04023,1.0,6.0,6.0,1.0,6.0,6.0,0.0,0.0
AZ,Arizona,Yavapai,04025,4.0,47.7,11.925,4.0,47.7,11.925,0.0,0.0
AZ,Arizona,Yuma,04027,13.0,433.4,33.33846153846154,10.0,431.0,43.1,2.3999999999999773,3.0
CA,California,Alameda,06001,8.0,10.9,1.3625,5.0,9.0,1.8,1.9000000000000004,3.0
CA,California,Butte,06007,5.0,10.0,2.0,4.0,8.7,2.175,1.3000000000000007,1.0
CA,California,Contra Costa,06013,9.0,40.099999999999994,4.455555555555555,8.0,39.0,4.875,1.0999999999999943,1.0
CA,California,El Dorado,06017,6.0,6.6,1.0999999999999999,4.0,5.8,1.45,0.7999999999999998,2.0
CA,California,Fresno,06019,60.0,1013.2,16.886666666666667,56.0,1014.6,18.117857142857144,-1.3999999999999773,4.0
CA,California,Glenn,06021,1.0,1.5,1.5,1.0,1.5,1.5,0.0,0.0
CA,California,Humboldt,06023,1.0,2.3,2.3,1.0,2.2,2.2,0.09999999999999964,0.0
CA,California,Imperial,06025,42.0,1857.0,44.214285714285715,42.0,1856.7,44.207142857142856,0.2999999999999545,0.0
CA,California,Inyo,06027,2.0,5.0,2.5,2.0,5.0,2.5,0.0,0.0
CA,California,KERN,,1.0,20.0,20.0,,,,20.0,1.0
CA,California,Kern,06029,104.0,3385.0,32.54807692307692,102.0,3084.9,30.244117647058825,300.0999999999999,2.0
CA,California,Kings,06031,30.0,1054.4,35.14666666666667,31.0,1057.1,34.099999999999994,-2.699999999999818,-1.0
CA,California,Lassen,06035,2.0,10.1,5.05,2.0,10.1,5.05,0.0,0.0
CA,California,Los Angeles,06037,140.0,1263.6,9.025714285714285,137.0,1596.9,11.656204379562045,-333.3000000000002,3.0
CA,California,Madera,06039,9.0,87.3,9.7,10.0,88.1,8.809999999999999,-0.7999999999999972,-1.0
CA,California,Marin,06041,4.0,4.0,1.0,4.0,4.0,1.0,0.0,0.0
CA,California,Merced,06047,12.0,344.5,28.708333333333332,13.0,348.0,26.76923076923077,-3.5,-1.0
CA,California,Monterey,06053,2.0,2.7,1.35,5.0,286.7,57.339999999999996,-284.0,-3.0
CA,California,Napa,06055,5.0,5.0,1.0,6.0,6.4,1.0666666666666667,-1.4000000000000004,-1.0
CA,California,Orange,06059,11.0,11.7,1.0636363636363635,7.0,10.4,1.4857142857142858,1.299999999999999,4.0
CA,California,Placer,06061,1.0,3.0,3.0,2.0,4.0,2.0,-1.0,-1.0
CA,California,Riverside,06065,92.0,2629.8,28.584782608695654,89.0,2624.5,29.48876404494382,5.300000000000182,3.0
CA,California,Sacramento,06067,49.0,329.7,6.728571428571429,46.0,324.0,7.043478260869565,5.699999999999989,3.0
CA,California,San Benito,06069,3.0,143.0,47.666666666666664,4.0,144.0,36.0,-1.0,-1.0
CA,California,San Bernardino,06071,185.0,1509.8,8.16108108108108,78.0,1349.2,17.297435897435896,160.5999999999999,107.0
CA,California,San Diego,06073,33.0,106.2,3.2181818181818183,28.0,105.9,3.7821428571428575,0.29999999999999716,5.0
CA,California,San Francisco,06075,1.0,4.5,4.5,1.0,4.5,4.5,0.0,0.0
CA,California,San Joaquin,06077,8.0,13.2,1.65,8.0,13.2,1.65,0.0,0.0
CA,California,San Luis Obispo,06079,18.0,1125.5,62.52777777777778,14.0,843.7,60.26428571428572,281.79999999999995,4.0
CA,California,San Mateo,06081,3.0,3.6,1.2,1.0,1.9,1.9,1.7000000000000002,2.0
CA,California,Santa Barbara,06083,3.0,67.1,22.366666666666664,3.0,67.1,22.366666666666664,0.0,0.0
CA,California,Santa Clara,06085,10.0,30.9,3.09,9.0,30.2,3.3555555555555556,0.6999999999999993,1.0
CA,California,Santa Cruz,06087,1.0,1.8,1.8,1.0,1.8,1.8,0.0,0.0
CA,California,Shasta,06089,2.0,3.0,1.5,2.0,3.0,1.5,0.0,0.0
CA,California,Solano,06095,11.0,26.0,2.3636363636363638,11.0,27.7,2.518181818181818,-1.6999999999999993,0.0
CA,California,Sonoma,06097,11.0,14.4,1.309090909090909,11.0,14.7,1.3363636363636362,-0.29999999999999893,0.0
CA,California,Stanislaus,06099,6.0,88.8,14.799999999999999,4.0,87.5,21.875,1.2999999999999972,2.0
CA,California,Sutter,06101,,,,1.0,1.3,1.3,-1.3,-1.0
CA,California,Tehama,06103,1.0,8.4,8.4,1.0,8.4,8.4,0.0,0.0
CA,California,Tulare,06107,51.0,300.1,5.8843137254901965,47.0,304.5,6.4787234042553195,-4.399999999999977,4.0
CA,California,Tuolumne,06109,1.0,1.5,1.5,1.0,1.5,1.5,0.0,0.0
CA,California,Ventura,06111,3.0,7.6,2.533333333333333,4.0,9.2,2.3,-1.5999999999999996,-1.0
CA,California,Yolo,06113,7.0,24.3,3.4714285714285715,7.0,23.3,3.3285714285714287,1.0,0.0
CO,Colorado,Adams,08001,22.0,125.2,5.690909090909091,24.0,128.4,5.3500000000000005,-3.200000000000003,-2.0
CO,Colorado,Alamosa,08003,10.0,148.9,14.89,10.0,148.9,14.89,0.0,0.0
CO,Colorado,Arapahoe,08005,7.0,59.3,8.471428571428572,9.0,62.3,6.922222222222222,-3.0,-2.0
CO,Colorado,Baca,08009,1.0,4.0,4.0,1.0,4.0,4.0,0.0,0.0
CO,Colorado,Boulder,08013,4.0,11.7,2.925,4.0,11.7,2.925,0.0,0.0
CO,Colorado,Chaffee,08015,3.0,5.0,1.6666666666666667,3.0,5.0,1.6666666666666667,0.0,0.0
CO,Colorado,Conejos,08021,2.0,2.7,1.35,2.0,2.7,1.35,0.0,0.0
CO,Colorado,Crowley,08025,1.0,2.0,2.0,1.0,2.0,2.0,0.0,0.0
CO,Colorado,Denver,08031,7.0,20.3,2.9,8.0,21.6,2.7,-1.3000000000000007,-1.0
CO,Colorado,El Paso,08041,6.0,114.5,19.083333333333332,6.0,114.5,19.083333333333332,0.0,0.0
CO,Colorado,Fremont,08043,1.0,1.8,1.8,1.0,1.8,1.8,0.0,0.0
CO,Colorado,Garfield,08045,5.0,5.5,1.1,5.0,16.2,3.2399999999999998,-10.7,0.0
CO,Colorado,Grand,08049,1.0,1.0,1.0,1.0,1.0,1.0,0.0,0.0
CO,Colorado,Jackson,08057,1.0,1.0,1.0,1.0,1.0,1.0,0.0,0.0
CO,Colorado,Jefferson,08059,2.0,2.7,1.35,2.0,2.7,1.35,0.0,0.0
CO,Colorado,Larimer,08069,5.0,58.4,11.68,5.0,58.4,11.68,0.0,0.0
CO,Colorado,Las Animas,08071,1.0,30.0,30.0,1.0,30.0,30.0,0.0,0.0
CO,Colorado,Logan,08075,3.0,4.6,1.5333333333333332,3.0,4.6,1.5333333333333332,0.0,0.0
CO,Colorado,Mesa,08077,4.0,6.1,1.525,4.0,6.1,1.525,0.0,0.0
CO,Colorado,Montrose,08085,1.0,1.0,1.0,1.0,1.0,1.0,0.0,0.0
CO,Colorado,Morgan,08087,1.0,1.5,1.5,1.0,1.5,1.5,0.0,0.0
CO,Colorado,Pitkin,08097,1.0,5.0,5.0,1.0,5.0,5.0,0.0,0.0
CO,Colorado,Pueblo,08101,4.0,362.5,90.625,4.0,362.5,90.625,0.0,0.0
CO,Colorado,Rio Blanco,08103,1.0,4.0,4.0,1.0,4.0,4.0,0.0,0.0
CO,Colorado,Rio Grande,08105,1.0,1.6,1.6,1.0,1.6,1.6,0.0,0.0
CO,Colorado,Saguache,08109,1.0,2.7,2.7,1.0,2.7,2.7,0.0,0.0
CO,Colorado,Weld,08123,19.0,77.9,4.1000000000000005,24.0,106.3,4.429166666666666,-28.39999999999999,-5.0
CT,Connecticut,Capitol,09110,,,,25.0,95.6,3.824,-95.6,-25.0
CT,Connecticut,Fairfield,,2.0,2.3000000000000003,1.1500000000000001,,,,2.3000000000000003,2.0
CT,Connecticut,Greater Bridgeport,09120,,,,1.0,2.2,2.2,-2.2,-1.0
CT,Connecticut,Hartford,,15.0,76.7,5.113333333333333,,,,76.7,15.0
CT,Connecticut,Litchfield,,6.0,7.5,1.25,,,,7.5,6.0
CT,Connecticut,Lower Connecticut River Valley,09130,,,,3.0,4.0,1.3333333333333333,-4.0,-3.0
CT,Connecticut,Middlesex,,2.0,2.0,1.0,,,,2.0,2.0
CT,Connecticut,Naugatuck Valley,09140,,,,5.0,10.4,2.08,-10.4,-5.0
CT,Connecticut,New Haven,,5.0,22.400000000000002,4.48,,,,22.400000000000002,5.0
CT,Connecticut,New London,,16.0,44.8,2.8,,,,44.8,16.0
CT,Connecticut,Northeastern Connecticut,09150,,,,8.0,78.1,9.7625,-78.1,-8.0
CT,Connecticut,Northwest Hills,09160,,,,5.0,10.5,2.1,-10.5,-5.0
CT,Connecticut,South Central Connecticut,09170,,,,3.0,18.200000000000003,6.066666666666667,-18.200000000000003,-3.0
CT,Connecticut,Southeastern Connecticut,09180,,,,16.0,44.8,2.8,-44.8,-16.0
CT,Connecticut,Tolland,,7.0,12.0,1.7142857142857142,,,,12.0,7.0
CT,Connecticut,Windham,,8.0,78.1,9.7625,,,,78.1,8.0
DC,District of Columbia,District of Columbia,11001,7.0,15.3,2.185714285714286,8.0,18.0,2.25,-2.6999999999999993,-1.0
DE,Delaware,Kent,10001,4.0,24.2,6.05,4.0,24.2,6.05,0.0,0.0
DE,Delaware,New Castle,10003,4.0,4.4,1.1,3.0,3.9,1.3,0.5000000000000004,1.0
DE,Delaware,Sussex,10005,4.0,9.5,2.375,4.0,9.5,2.375,0.0,0.0
FL,Florida,Alachua,12001,3.0,77.7,25.900000000000002,5.0,79.3,15.86,-1.5999999999999943,-2.0
FL,Florida,Baker,12003,2.0,149.0,74.5,2.0,149.0,74.5,0.0,0.0
FL,Florida,Brevard,12009,4.0,233.5,58.375,4.0,233.5,58.375,0.0,0.0
FL,Florida,Broward,12011,1.0,1.1,1.1,1.0,1.1,1.1,0.0,0.0
FL,Florida,Charlotte,12015,2.0,149.0,74.5,2.0,149.0,74.5,0.0,0.0
FL,Florida,Clay,12019,1.0,74.5,74.5,1.0,74.5,74.5,0.0,0.0
FL,Florida,Columbia,12023,2.0,149.4,74.7,3.0,224.3,74.76666666666667,-74.9,-1.0
FL,Florida,DeSoto,12027,4.0,248.5,62.125,5.0,323.0,64.6,-74.5,-1.0
FL,Florida,Desoto,,1.0,74.5,74.5,,,,74.5,1.0
FL,Florida,Duval,12031,6.0,35.1,5.8500000000000005,7.0,38.1,5.442857142857143,-3.0,-1.0
FL,Florida,Escambia,12033,2.0,124.5,62.25,2.0,124.5,62.25,0.0,0.0
FL,Florida,Gilchrist,12041,1.0,74.9,74.9,1.0,74.9,74.9,0.0,0.0
FL,Florida,Hamilton,12047,2.0,149.8,74.9,2.0,149.8,74.9,0.0,0.0
FL,Florida,Hendry,12051,2.0,149.0,74.5,2.0,149.0,74.5,0.0,0.0
FL,Florida,Highlands,12055,1.0,45.0,45.0,1.0,45.0,45.0,0.0,0.0
FL,Florida,Hillsborough,12057,8.0,381.7,47.7125,8.0,381.7,47.7125,0.0,0.0
FL,Florida,Indian River,12061,3.0,223.5,74.5,3.0,223.5,74.5,0.0,0.0
FL,Florida,Jackson,12063,2.0,149.0,74.5,1.0,74.5,74.5,74.5,1.0
FL,Florida,Leon,12073,2.0,62.0,31.0,2.0,62.0,31.0,0.0,0.0
FL,Florida,Manatee,12081,4.0,298.0,74.5,4.0,298.0,74.5,0.0,0.0
FL,Florida,Martin,12085,1.0,74.5,74.5,2.0,149.5,74.75,-75.0,-1.0
FL,Florida,Miami Dade,,3.0,77.1,25.7,,,,77.1,3.0
FL,Florida,Miami-Dade,12086,,,,3.0,76.7,25.566666666666666,-76.7,-3.0
FL,Florida,Nassau,12089,1.0,74.5,74.5,1.0,74.5,74.5,0.0,0.0
FL,Florida,Okaloosa,12091,1.0,30.0,30.0,1.0,30.0,30.0,0.0,0.0
FL,Florida,Okeechobee,12093,3.0,223.5,74.5,3.0,223.5,74.5,0.0,0.0
FL,Florida,Orange,12095,7.0,147.3,21.042857142857144,7.0,147.3,21.042857142857144,0.0,0.0
FL,Florida,Osceola,12097,2.0,78.3,39.15,2.0,78.3,39.15,0.0,0.0
FL,Florida,Palm Beach,12099,2.0,149.0,74.5,2.0,149.0,74.5,0.0,0.0
FL,Florida,Pinellas,12103,1.0,1.9,1.9,1.0,1.9,1.9,0.0,0.0
FL,Florida,Polk,12105,12.0,370.7,30.891666666666666,12.0,370.7,30.891666666666666,0.0,0.0
FL,Florida,Putnam,12107,3.0,223.5,74.5,2.0,149.0,74.5,74.5,1.0
FL,Florida,Santa Rosa,12113,1.0,40.0,40.0,1.0,40.0,40.0,0.0,0.0
FL,Florida,Seminole,12117,1.0,1.5,1.5,1.0,1.5,1.5,0.0,0.0
FL,Florida,St Johns,,1.0,74.5,74.5,,,,74.5,1.0
FL,Florida,St Lucie,,3.0,223.5,74.5,,,,223.5,3.0
FL,Florida,St. Johns,12109,,,,1.0,74.5,74.5,-74.5,-1.0
FL,Florida,St. Lucie,12111,,,,3.0,223.5,74.5,-223.5,-3.0
FL,Florida,Suwannee,12121,2.0,83.3,41.65,2.0,83.3,41.65,0.0,0.0
FL,Florida,Taylor,12123,1.0,5.1,5.1,1.0,5.1,5.1,0.0,0.0
FL,Florida,Union,12125,1.0,74.5,74.5,1.0,74.5,74.5,0.0,0.0
FL,Florida,Volusia,12127,3.0,150.6,50.199999999999996,3.0,150.6,50.199999999999996,0.0,0.0
GA,Georgia,Appling,13001,1.0,25.0,25.0,1.0,25.0,25.0,0.0,0.0
GA,Georgia,Barrow,13013,,,,1.0,2.0,2.0,-2.0,-1.0
GA,Georgia,Bibb,13021,2.0,129.0,64.5,2.0,129.0,64.5,0.0,0.0
GA,Georgia,Bleckley,13023,2.0,4.3,2.15,2.0,4.3,2.15,0.0,0.0
GA,Georgia,Brooks,13027,2.0,300.0,150.0,2.0,300.0,150.0,0.0,0.0
GA,Georgia,Bulloch,13031,1.0,2.7,2.7,1.0,2.7,2.7,0.0,0.0
GA,Georgia,Burke,13033,3.0,80.9,26.96666666666667,3.0,80.9,26.96666666666667,0.0,0.0
GA,Georgia,Calhoun,13037,,,,1.0,80.0,80.0,-80.0,-1.0
GA,Georgia,Camden,13039,1.0,30.0,30.0,1.0,30.0,30.0,0.0,0.0
GA,Georgia,Candler,13043,1.0,51.0,51.0,1.0,51.0,51.0,0.0,0.0
GA,Georgia,Charlton,13049,1.0,2.1,2.1,1.0,2.1,2.1,0.0,0.0
GA,Georgia,Chatham,13051,2.0,2.2,1.1,2.0,2.2,1.1,0.0,0.0
GA,Georgia,Chattahoochee,13053,1.0,30.0,30.0,,,,30.0,1.0
GA,Georgia,Cobb,13067,1.0,1.5,1.5,1.0,1.5,1.5,0.0,0.0
GA,Georgia,Colquitt,13071,2.0,21.4,10.7,2.0,21.4,10.7,0.0,0.0
GA,Georgia,Columbia,13073,2.0,3.4,1.7,2.0,3.4,1.7,0.0,0.0
GA,Georgia,Cook,13075,,,,1.0,1.0,1.0,-1.0,-1.0
GA,Georgia,DeKalb,13089,2.0,1.6,0.8,1.0,1.0,1.0,0.6000000000000001,1.0
GA,Georgia,Decatur,13087,4.0,314.0,78.5,4.0,314.0,78.5,0.0,0.0
GA,Georgia,Dougherty,13095,2.0,151.0,75.5,2.0,151.0,75.5,0.0,0.0
GA,Georgia,Douglas,13097,,,,1.0,3.0,3.0,-3.0,-1.0
GA,Georgia,Early,13099,3.0,124.0,41.333333333333336,3.0,123.5,41.166666666666664,0.5,0.0
GA,Georgia,Effingham,13103,2.0,22.0,11.0,2.0,22.0,11.0,0.0,0.0
GA,Georgia,Emanuel,13107,1.0,2.9,2.9,1.0,2.9,2.9,0.0,0.0
GA,Georgia,Franklin,13119,1.0,3.0,3.0,1.0,3.0,3.0,0.0,0.0
GA,Georgia,Fulton,13121,3.0,1.0,0.3333333333333333,,,,1.0,3.0
GA,Georgia,Glynn,13127,1.0,18.0,18.0,1.0,18.0,18.0,0.0,0.0
GA,Georgia,Grady,13131,,,,1.0,2.0,2.0,-2.0,-1.0
GA,Georgia,Greene,13133,1.0,3.0,3.0,1.0,3.0,3.0,0.0,0.0
GA,Georgia,Harris,13145,2.0,4.4,2.2,1.0,2.1,2.1,2.3000000000000003,1.0
GA,Georgia,Houston,13153,1.0,68.0,68.0,1.0,68.0,68.0,0.0,0.0
GA,Georgia,Jeff Davis,13161,5.0,305.5,61.1,5.0,305.0,61.0,0.5,0.0
GA,Georgia,Jefferson,13163,1.0,1.0,1.0,1.0,1.0,1.0,0.0,0.0
GA,Georgia,Jenkins,13165,1.0,19.7,19.7,1.0,19.7,19.7,0.0,0.0
GA,Georgia,Lanier,13173,2.0,1.8,0.9,,,,1.8,2.0
GA,Georgia,Laurens,13175,1.0,4.1,4.1,1.0,4.1,4.1,0.0,0.0
GA,Georgia,Liberty,13179,1.0,30.0,30.0,1.0,30.0,30.0,0.0,0.0
GA,Georgia,Lowndes,13185,6.0,56.3,9.383333333333333,5.0,55.3,11.059999999999999,1.0,1.0
GA,Georgia,Madison,13195,1.0,2.0,2.0,1.0,2.0,2.0,0.0,0.0
GA,Georgia,Meriwether,13199,3.0,6.4,2.1333333333333333,4.0,8.7,2.175,-2.299999999999999,-1.0
GA,Georgia,Mitchell,13205,3.0,244.9,81.63333333333334,3.0,244.9,81.63333333333334,0.0,0.0
GA,Georgia,Murray,13213,2.0,9.5,4.75,1.0,3.0,3.0,6.5,1.0
GA,Georgia,Muscogee,13215,1.0,1.5,1.5,1.0,1.5,1.5,0.0,0.0
GA,Georgia,Polk,13233,1.0,2.2,2.2,1.0,2.2,2.2,0.0,0.0
GA,Georgia,Putnam,13237,3.0,6.6,2.1999999999999997,3.0,6.6,2.1999999999999997,0.0,0.0
GA,Georgia,Randolph,13243,1.0,80.0,80.0,,,,80.0,1.0
GA,Georgia,Richmond,13245,3.0,34.8,11.6,3.0,34.8,11.6,0.0,0.0
GA,Georgia,Seminole,13253,1.0,1.6,1.6,1.0,1.6,1.6,0.0,0.0
GA,Georgia,Stewart,13259,2.0,101.0,50.5,2.0,101.0,50.5,0.0,0.0
GA,Georgia,Sumter,13261,1.0,1.4,1.4,1.0,1.4,1.4,0.0,0.0
GA,Georgia,Tattnall,13267,1.0,1.1,1.1,1.0,1.1,1.1,0.0,0.0
GA,Georgia,Taylor,13269,5.0,405.7,81.14,5.0,405.7,81.14,0.0,0.0
GA,Georgia,Telfair,13271,1.0,1.9,1.9,1.0,1.9,1.9,0.0,0.0
GA,Georgia,Terrell,13273,3.0,77.6,25.866666666666664,3.0,77.6,25.866666666666664,0.0,0.0
GA,Georgia,Thomas,13275,1.0,1.4,1.4,1.0,1.4,1.4,0.0,0.0
GA,Georgia,Troup,13285,2.0,3.8,1.9,2.0,3.8,1.9,0.0,0.0
GA,Georgia,Twiggs,13289,2.0,224.0,112.0,2.0,224.0,112.0,0.0,0.0
GA,Georgia,Upson,13293,1.0,0.8,0.8,,,,0.8,1.0
GA,Georgia,Walton,13297,4.0,36.5,9.125,4.0,36.5,9.125,0.0,0.0
GA,Georgia,Ware,13299,2.0,4.9,2.45,2.0,4.9,2.45,0.0,0.0
GA,Georgia,Washington,13303,1.0,7.7,7.7,1.0,7.7,7.7,0.0,0.0
GA,Georgia,Wayne,13305,1.0,2.6,2.6,1.0,2.6,2.6,0.0,0.0
GA,Georgia,Whitfield,13313,,,,1.0,6.5,6.5,-6.5,-1.0
GA,Georgia,Wilkinson,13319,2.0,5.3,2.65,2.0,5.3,2.65,0.0,0.0
HI,Hawaii,Honolulu,15003,27.0,201.9,7.477777777777778,14.0,195.4,13.957142857142857,6.5,13.0
HI,Hawaii,Kauai,15007,7.0,80.0,11.428571428571429,7.0,80.0,11.428571428571429,0.0,0.0
HI,Hawaii,Maui,15009,14.0,7.0,0.5,2.0,5.8,2.9,1.2000000000000002,12.0
IA,Iowa,Adair,19001,,,,1.0,25.0,25.0,-25.0,-1.0
IA,Iowa,Black Hawk,19013,1.0,1.5,1.5,1.0,1.5,1.5,0.0,0.0
IA,Iowa,Clayton,19043,1.0,1.3,1.3,1.0,1.3,1.3,0.0,0.0
IA,Iowa,Davis,19051,1.0,1.6,1.6,1.0,1.6,1.6,0.0,0.0
IA,Iowa,Dubuque,19061,1.0,3.8,3.8,1.0,3.8,3.8,0.0,0.0
IA,Iowa,Louisa,19115,1.0,100.0,100.0,1.0,100.0,100.0,0.0,0.0
IA,Iowa,Marshall,19127,1.0,2.6,2.6,1.0,2.6,2.6,0.0,0.0
IA,Iowa,Mitchell,19131,1.0,0.8,0.8,,,,0.8,1.0
IA,Iowa,Muscatine,19139,1.0,1.8,1.8,1.0,1.8,1.8,0.0,0.0
IA,Iowa,Story,19169,1.0,2.0,2.0,1.0,2.0,2.0,0.0,0.0
IA,Iowa,Winnebago,19189,1.0,3.0,3.0,1.0,3.0,3.0,0.0,0.0
IA,Iowa,Winneshiek,19191,,,,1.0,1.5,1.5,-1.5,-1.0
ID,Idaho,Ada,16001,2.0,60.0,30.0,2.0,60.0,30.0,0.0,0.0
ID,Idaho,Elmore,16039,4.0,120.0,30.0,4.0,120.0,30.0,0.0,0.0
ID,Idaho,Owyhee,16073,1.0,20.0,20.0,1.0,20.0,20.0,0.0,0.0
ID,Idaho,Power,16077,2.0,40.0,20.0,2.0,40.0,20.0,0.0,0.0
ID,Idaho,Twin Falls,16083,1.0,2.0,2.0,1.0,2.0,2.0,0.0,0.0
IL,Illinois,Adams,17001,1.0,1.5,1.5,1.0,1.5,1.5,0.0,0.0
IL,Illinois,Boone,17007,2.0,4.0,2.0,2.0,4.0,2.0,0.0,0.0
IL,Illinois,Carroll,17015,,,,1.0,1.5,1.5,-1.5,-1.0
IL,Illinois,Champaign,17019,6.0,20.4,3.4,7.0,24.1,3.442857142857143,-3.700000000000003,-1.0
IL,Illinois,Christian,17021,1.0,1.5,1.5,1.0,1.5,1.5,0.0,0.0
IL,Illinois,Clay,17025,,,,1.0,2.0,2.0,-2.0,-1.0
IL,Illinois,Clinton,17027,2.0,4.0,2.0,2.0,4.0,2.0,0.0,0.0
IL,Illinois,Coles,17029,1.0,200.0,200.0,1.0,200.0,200.0,0.0,0.0
IL,Illinois,Cook,17031,7.0,17.9,2.557142857142857,7.0,17.900000000000002,2.5571428571428574,-3.552713678800501e-15,0.0
IL,Illinois,DeKalb,17037,4.0,8.0,2.0,6.0,12.0,2.0,-4.0,-2.0
IL,Illinois,Dekalb,,2.0,4.0,2.0,,,,4.0,2.0
IL,Illinois,DuPage,17043,1.0,1.0,1.0,,,,1.0,1.0
IL,Illinois,Fayette,17051,2.0,100.8,50.4,2.0,100.8,50.4,0.0,0.0
IL,Illinois,Franklin,17055,1.0,2.0,2.0,1.0,2.0,2.0,0.0,0.0
IL,Illinois,Fulton,17057,1.0,2.0,2.0,,,,2.0,1.0
IL,Illinois,Grundy,17063,2.0,2.9,1.45,1.0,2.0,2.0,0.8999999999999999,1.0
IL,Illinois,Henderson,17071,1.0,1.4,1.4,1.0,1.4,1.4,0.0,0.0
IL,Illinois,Henry,17073,1.0,1.2,1.2,1.0,1.2,1.2,0.0,0.0
IL,Illinois,Iroquois,17075,1.0,2.0,2.0,1.0,2.0,2.0,0.0,0.0
IL,Illinois,Jefferson,17081,1.0,2.0,2.0,1.0,2.0,2.0,0.0,0.0
IL,Illinois,Jo Daviess,17085,3.0,5.0,1.6666666666666667,3.0,5.0,1.6666666666666667,0.0,0.0
IL,Illinois,Kane,17089,2.0,4.0,2.0,3.0,5.3,1.7666666666666666,-1.2999999999999998,-1.0
IL,Illinois,Kankakee,17091,7.0,14.0,2.0,7.0,14.0,2.0,0.0,0.0
IL,Illinois,LaSalle,17099,3.0,24.0,8.0,3.0,24.0,8.0,0.0,0.0
IL,Illinois,Livingston,17105,1.0,2.0,2.0,1.0,2.0,2.0,0.0,0.0
IL,Illinois,Macoupin,17117,2.0,4.0,2.0,2.0,4.0,2.0,0.0,0.0
IL,Illinois,Madison,17119,1.0,2.0,2.0,1.0,2.0,2.0,0.0,0.0
IL,Illinois,Marshall,17123,1.0,2.0,2.0,1.0,2.0,2.0,0.0,0.0
IL,Illinois,McDonough,17109,3.0,6.0,2.0,4.0,8.0,2.0,-2.0,-1.0
IL,Illinois,McHenry,17111,9.0,14.7,1.6333333333333333,11.0,19.4,1.7636363636363634,-4.699999999999999,-2.0
IL,Illinois,McLean,17113,1.0,2.0,2.0,2.0,4.0,2.0,-2.0,-1.0
IL,Illinois,Morgan,17137,4.0,8.0,2.0,4.0,8.0,2.0,0.0,0.0
IL,Illinois,Ogle,17141,3.0,4.3,1.4333333333333333,3.0,5.5,1.8333333333333333,-1.2000000000000002,0.0
IL,Illinois,Peoria,17143,2.0,4.0,2.0,4.0,8.0,2.0,-4.0,-2.0
IL,Illinois,Perry,17145,1.0,99.0,99.0,1.0,99.0,99.0,0.0,0.0
IL,Illinois,Randolph,17157,,,,2.0,4.0,2.0,-4.0,-2.0
IL,Illinois,Richland,17159,1.0,2.0,2.0,1.0,2.0,2.0,0.0,0.0
IL,Illinois,St Clair,,2.0,11.700000000000001,5.8500000000000005,,,,11.700000000000001,2.0
IL,Illinois,St. Clair,17163,,,,3.0,13.700000000000001,4.566666666666667,-13.700000000000001,-3.0
IL,Illinois,Stephenson,17177,7.0,14.0,2.0,10.0,23.0,2.3,-9.0,-3.0
IL,Illinois,Vermilion,17183,4.0,7.6,1.9,4.0,7.6,1.9,0.0,0.0
IL,Illinois,Whiteside,17195,4.0,7.0,1.75,8.0,15.0,1.875,-8.0,-4.0
IL,Illinois,Will,17197,7.0,13.6,1.9428571428571428,12.0,22.5,1.875,-8.9,-5.0
IL,Illinois,Williamson,17199,4.0,7.3,1.825,4.0,7.3,1.825,0.0,0.0
IL,Illinois,Winnebago,17201,5.0,10.6,2.12,7.0,14.6,2.085714285714286,-4.0,-2.0
IN,Indiana,Cass,18017,1.0,16.0,16.0,1.0,16.0,16.0,0.0,0.0
IN,Indiana,Clark,18019,1.0,1.1,1.1,1.0,1.1,1.1,0.0,0.0
IN,Indiana,Clay,18021,2.0,9.2,4.6,2.0,9.2,4.6,0.0,0.0
IN,Indiana,Daviess,18027,1.0,4.0,4.0,1.0,4.0,4.0,0.0,0.0
IN,Indiana,DeKalb,18033,1.0,1.0,1.0,1.0,1.0,1.0,0.0,0.0
IN,Indiana,Decatur,18031,1.0,1.1,1.1,1.0,1.1,1.1,0.0,0.0
IN,Indiana,Dubois,18037,1.0,2.0,2.0,1.0,2.0,2.0,0.0,0.0
IN,Indiana,Elkhart,18039,1.0,1.5,1.5,1.0,1.5,1.5,0.0,0.0
IN,Indiana,Grant,18053,2.0,5.0,2.5,2.0,5.0,2.5,0.0,0.0
IN,Indiana,Greene,18055,1.0,1.1,1.1,1.0,1.1,1.1,0.0,0.0
IN,Indiana,Hamilton,18057,2.0,1.5,0.75,,,,1.5,2.0
IN,Indiana,Hancock,18059,1.0,2.8,2.8,1.0,2.8,2.8,0.0,0.0
IN,Indiana,Harrison,18061,1.0,1.1,1.1,1.0,1.1,1.1,0.0,0.0
IN,Indiana,Henry,18065,1.0,1.1,1.1,1.0,1.1,1.1,0.0,0.0
IN,Indiana,Howard,18067,1.0,5.4,5.4,1.0,5.4,5.4,0.0,0.0
IN,Indiana,Jackson,18071,1.0,1.1,1.1,1.0,1.1,1.1,0.0,0.0
IN,Indiana,Jasper,18073,2.0,4.8,2.4,2.0,4.8,2.4,0.0,0.0
IN,Indiana,Johnson,18081,2.0,3.1,1.55,2.0,3.1,1.55,0.0,0.0
IN,Indiana,Lake,18089,4.0,6.5,1.625,4.0,6.5,1.625,0.0,0.0
IN,Indiana,Lawrence,18093,1.0,1.1,1.1,1.0,1.1,1.1,0.0,0.0
IN,Indiana,Madison,18095,7.0,35.6,5.085714285714286,7.0,35.599999999999994,5.0857142857142845,7.105427357601002e-15,0.0
IN,Indiana,Marion,18097,18.0,92.2,5.122222222222223,18.0,92.2,5.122222222222223,0.0,0.0
IN,Indiana,Martin,18101,1.0,17.0,17.0,1.0,17.0,17.0,0.0,0.0
IN,Indiana,Miami,18103,2.0,12.5,6.25,2.0,12.5,6.25,0.0,0.0
IN,Indiana,Monroe,18105,1.0,1.1,1.1,1.0,1.1,1.1,0.0,0.0
IN,Indiana,Montgomery,18107,5.0,27.8,5.5600000000000005,5.0,27.8,5.5600000000000005,0.0,0.0
IN,Indiana,Perry,18123,2.0,4.300000000000001,2.1500000000000004,2.0,4.300000000000001,2.1500000000000004,0.0,0.0
IN,Indiana,Porter,18127,2.0,2.5,1.25,2.0,2.5,1.25,0.0,0.0
IN,Indiana,Randolph,18135,1.0,200.0,200.0,1.0,200.0,200.0,0.0,0.0
IN,Indiana,Scott,18143,1.0,7.1,7.1,1.0,7.1,7.1,0.0,0.0
IN,Indiana,Spencer,18147,2.0,51.5,25.75,2.0,51.5,25.75,0.0,0.0
IN,Indiana,St Joseph,,3.0,27.6,9.200000000000001,,,,27.6,3.0
IN,Indiana,St. Joseph,18141,,,,3.0,27.6,9.200000000000001,-27.6,-3.0
IN,Indiana,Sullivan,18153,1.0,5.2,5.2,1.0,5.2,5.2,0.0,0.0
IN,Indiana,Tippecanoe,18157,1.0,1.6,1.6,1.0,1.6,1.6,0.0,0.0
IN,Indiana,Tipton,18159,1.0,5.3,5.3,1.0,5.3,5.3,0.0,0.0
IN,Indiana,Vanderburgh,18163,2.0,4.0,2.0,2.0,4.0,2.0,0.0,0.0
IN,Indiana,Vigo,18167,1.0,5.2,5.2,1.0,5.2,5.2,0.0,0.0
IN,Indiana,Wayne,18177,6.0,32.1,5.3500000000000005,7.0,38.2,5.457142857142857,-6.100000000000001,-1.0
IN,Indiana,Whitley,18183,1.0,4.3,4.3,1.0,4.3,4.3,0.0,0.0
KS,Kansas,Butler,20015,1.0,1.0,1.0,2.0,2.0,1.0,-1.0,-1.0
KS,Kansas,Crawford,20037,,,,1.0,1.0,1.0,-1.0,-1.0
KS,Kansas,Geary,20061,,,,1.0,1.0,1.0,-1.0,-1.0
KS,Kansas,Harvey,20079,,,,1.0,1.0,1.0,-1.0,-1.0
KS,Kansas,Jefferson,20087,,,,1.0,1.0,1.0,-1.0,-1.0
KS,Kansas,Kiowa,20097,,,,1.0,1.0,1.0,-1.0,-1.0
KS,Kansas,Labette,20099,,,,1.0,1.0,1.0,-1.0,-1.0
KS,Kansas,Lyon,20111,,,,1.0,1.0,1.0,-1.0,-1.0
KS,Kansas,McPherson,20113,,,,1.0,1.0,1.0,-1.0,-1.0
KS,Kansas,Miami,20121,,,,1.0,4.9,4.9,-4.9,-1.0
KS,Kansas,Neosho,20133,,,,1.0,1.0,1.0,-1.0,-1.0
KS,Kansas,Osage,20139,,,,1.0,1.8,1.8,-1.8,-1.0
KS,Kansas,Pottawatomie,20149,,,,1.0,1.0,1.0,-1.0,-1.0
KS,Kansas,Pratt,20151,1.0,6.0,6.0,1.0,6.0,6.0,0.0,0.0
KS,Kansas,Reno,20155,1.0,1.0,1.0,2.0,2.0,1.0,-1.0,-1.0
KS,Kansas,Sedgwick,20173,,,,2.0,2.0,1.0,-2.0,-2.0
KS,Kansas,Stanton,20187,1.0,20.0,20.0,1.0,20.0,20.0,0.0,0.0
KS,Kansas,Thomas,20193,1.0,1.0,1.0,1.0,1.0,1.0,0.0,0.0
KS,Kansas,Wilson,20205,,,,1.0,1.0,1.0,-1.0,-1.0
KS,Kansas,Wyandotte,20209,1.0,1.0,1.0,1.0,1.0,1.0,0.0,0.0
KY,Kentucky,Boone,21015,1.0,1.1,1.1,,,,1.1,1.0
KY,Kentucky,Clark,21049,1.0,8.5,8.5,1.0,8.5,8.5,0.0,0.0
KY,Kentucky,Grant,21081,1.0,2.7,2.7,1.0,2.7,2.7,0.0,0.0
KY,Kentucky,Kenton,21117,2.0,4.0,2.0,3.0,5.1,1.7,-1.0999999999999996,-1.0
KY,Kentucky,Mercer,21167,1.0,13.0,13.0,1.0,13.0,13.0,0.0,0.0
KY,Kentucky,Shelby,21211,1.0,1.7,1.7,1.0,2.1,2.1,-0.40000000000000013,0.0
LA,Louisiana,Orleans,22071,4.0,24.5,6.125,4.0,24.5,6.125,0.0,0.0
LA,Louisiana,West Baton Rouge,22121,1.0,50.0,50.0,1.0,50.0,50.0,0.0,0.0
MA,Massachusetts,Barnstable,25001,9.0,24.7,2.7444444444444445,12.0,36.2,3.016666666666667,-11.500000000000004,-3.0
MA,Massachusetts,Berkshire,25003,18.0,39.3,2.183333333333333,24.0,55.9,2.3291666666666666,-16.6,-6.0
MA,Massachusetts,Bristol,25005,42.0,107.0,2.5476190476190474,47.0,117.4,2.497872340425532,-10.400000000000006,-5.0
MA,Massachusetts,Dukes,25007,3.0,3.1,1.0333333333333334,3.0,3.1,1.0333333333333334,0.0,0.0
MA,Massachusetts,Essex,25009,16.0,45.0,2.8125,20.0,53.9,2.695,-8.899999999999999,-4.0
MA,Massachusetts,Franklin,25011,20.0,51.1,2.555,21.0,53.4,2.5428571428571427,-2.299999999999997,-1.0
MA,Massachusetts,Hampden,25013,54.0,156.7,2.9018518518518515,58.0,170.6,2.9413793103448276,-13.900000000000006,-4.0
MA,Massachusetts,Hampshire,25015,30.0,68.8,2.2933333333333334,26.0,74.3,2.8576923076923078,-5.5,4.0
MA,Massachusetts,Middlesex,25017,43.0,97.5,2.2674418604651163,39.0,100.8,2.5846153846153848,-3.299999999999997,4.0
MA,Massachusetts,Norfolk,25021,21.0,59.6,2.8380952380952382,20.0,57.4,2.87,2.200000000000003,1.0
MA,Massachusetts,Plymouth,25023,57.0,150.5,2.6403508771929824,58.0,152.4,2.627586206896552,-1.9000000000000057,-1.0
MA,Massachusetts,Suffolk,25025,5.0,4.8,0.96,2.0,4.0,2.0,0.7999999999999998,3.0
MA,Massachusetts,Worcester,25027,142.0,387.0,2.7253521126760565,152.0,407.9,2.683552631578947,-20.899999999999977,-10.0
MD,Maryland,Anne Arundel,24003,4.0,16.0,4.0,4.0,16.0,4.0,0.0,0.0
MD,Maryland,Baltimore,24005,12.0,17.5,1.4583333333333333,30.0,50.6,1.6866666666666668,-33.1,-18.0
MD,Maryland,Baltimore,24510,12.0,17.5,1.4583333333333333,4.0,5.0,1.25,12.5,8.0
MD,Maryland,Baltimore City,,2.0,2.3,1.15,,,,2.3,2.0
MD,Maryland,Carroll,24013,2.0,8.0,4.0,2.0,8.0,4.0,0.0,0.0
MD,Maryland,Cecil,24015,4.0,6.7,1.675,4.0,6.7,1.675,0.0,0.0
MD,Maryland,Charles,24017,2.0,15.8,7.9,2.0,15.8,7.9,0.0,0.0
MD,Maryland,Dorchester,24019,3.0,25.2,8.4,3.0,25.2,8.4,0.0,0.0
MD,Maryland,Frederick,24021,6.0,43.699999999999996,7.283333333333332,6.0,43.699999999999996,7.283333333333332,0.0,0.0
MD,Maryland,Garrett,24023,2.0,3.2,1.6,2.0,3.2,1.6,0.0,0.0
MD,Maryland,Harford,24025,14.0,26.2,1.8714285714285714,14.0,26.2,1.8714285714285714,0.0,0.0
MD,Maryland,Howard,24027,7.0,11.5,1.6428571428571428,5.0,7.8999999999999995,1.5799999999999998,3.6000000000000005,2.0
MD,Maryland,Kent,24029,5.0,11.5,2.3,5.0,11.5,2.3,0.0,0.0
MD,Maryland,Montgomery,24031,4.0,8.3,2.075,4.0,8.3,2.075,0.0,0.0
MD,Maryland,Prince George's,24033,,,,17.0,31.6,1.8588235294117648,-31.6,-17.0
MD,Maryland,Prince Georges,,16.0,29.7,1.85625,,,,29.7,16.0
MD,Maryland,Queen Anne's,24035,,,,6.0,23.2,3.8666666666666667,-23.2,-6.0
MD,Maryland,Queen Annes,,6.0,23.2,3.8666666666666667,,,,23.2,6.0
MD,Maryland,Somerset,24039,3.0,79.8,26.599999999999998,3.0,79.8,26.599999999999998,0.0,0.0
MD,Maryland,Talbot,24041,1.0,1.5,1.5,1.0,1.5,1.5,0.0,0.0
MD,Maryland,Washington,24043,10.0,54.4,5.4399999999999995,12.0,58.2,4.8500000000000005,-3.8000000000000043,-2.0
MD,Maryland,Wicomico,24045,3.0,16.6,5.533333333333334,3.0,16.6,5.533333333333334,0.0,0.0
MD,Maryland,Worcester,24047,3.0,9.6,3.1999999999999997,3.0,9.6,3.1999999999999997,0.0,0.0
ME,Maine,Aroostook,23003,,,,10.0,34.2,3.4200000000000004,-34.2,-10.0
ME,Maine,Cumberland,23005,1.0,2.0,2.0,2.0,6.9,3.45,-4.9,-1.0
ME,Maine,Franklin,23007,1.0,77.0,77.0,1.0,77.0,77.0,0.0,0.0
ME,Maine,Hancock,23009,,,,1.0,3.3,3.3,-3.3,-1.0
ME,Maine,Kennebec,23011,2.0,8.7,4.35,2.0,8.7,4.35,0.0,0.0
ME,Maine,Knox,23013,1.0,3.5,3.5,1.0,3.5,3.5,0.0,0.0
ME,Maine,Lincoln,23015,,,,1.0,2.5,2.5,-2.5,-1.0
ME,Maine,Oxford,23017,1.0,9.2,9.2,2.0,13.2,6.6,-4.0,-1.0
ME,Maine,Penobscot,23019,,,,1.0,5.0,5.0,-5.0,-1.0
ME,Maine,Piscataquis,23021,1.0,20.0,20.0,1.0,20.0,20.0,0.0,0.0
ME,Maine,Somerset,23025,4.0,23.0,5.75,4.0,23.0,5.75,0.0,0.0
ME,Maine,Waldo,23027,1.0,5.0,5.0,2.0,9.8,4.9,-4.800000000000001,-1.0
ME,Maine,Washington,23029,,,,1.0,4.9,4.9,-4.9,-1.0
ME,Maine,York,23031,2.0,52.9,26.45,2.0,52.9,26.45,0.0,0.0
MI,Michigan,Berrien,26021,1.0,4.6,4.6,1.0,4.6,4.6,0.0,0.0
MI,Michigan,Branch,26023,2.0,3.3,1.65,2.0,3.3,1.65,0.0,0.0
MI,Michigan,Calhoun,26025,1.0,2.0,2.0,1.0,2.0,2.0,0.0,0.0
MI,Michigan,Chippewa,26033,1.0,6.9,6.9,1.0,6.9,6.9,0.0,0.0
MI,Michigan,Clinton,26037,1.0,20.0,20.0,1.0,20.0,20.0,0.0,0.0
MI,Michigan,Delta,26041,1.0,1.1,1.1,1.0,1.1,1.1,0.0,0.0
MI,Michigan,Eaton,26045,2.0,24.0,12.0,2.0,24.0,12.0,0.0,0.0
MI,Michigan,Genesee,26049,5.0,10.0,2.0,5.0,10.0,2.0,0.0,0.0
MI,Michigan,Grand Traverse,26055,1.0,1.0,1.0,,,,1.0,1.0
MI,Michigan,Hillsdale,26059,1.0,2.0,2.0,1.0,2.0,2.0,0.0,0.0
MI,Michigan,Ingham,26065,1.0,10.5,10.5,1.0,10.5,10.5,0.0,0.0
MI,Michigan,Kalamazoo,26077,1.0,1.0,1.0,1.0,1.0,1.0,0.0,0.0
MI,Michigan,Kent,26081,1.0,0.8,0.8,,,,0.8,1.0
MI,Michigan,Lapeer,26087,2.0,48.0,24.0,2.0,48.0,24.0,0.0,0.0
MI,Michigan,Leelanau,26089,2.0,2.8,1.4,3.0,3.8,1.2666666666666666,-1.0,-1.0
MI,Michigan,Lenawee,26091,1.0,2.0,2.0,1.0,2.0,2.0,0.0,0.0
MI,Michigan,Missaukee,26113,1.0,2.0,2.0,1.0,2.0,2.0,0.0,0.0
MI,Michigan,Monroe,26115,1.0,20.0,20.0,1.0,20.0,20.0,0.0,0.0
MI,Michigan,Montcalm,26117,1.0,2.0,2.0,1.0,2.0,2.0,0.0,0.0
MI,Michigan,Ottawa,26139,1.0,3.0,3.0,1.0,3.0,3.0,0.0,0.0
MI,Michigan,Saginaw,26145,3.0,6.0,2.0,3.0,6.0,2.0,0.0,0.0
MI,Michigan,Shiawassee,26155,2.0,160.0,80.0,2.0,160.0,80.0,0.0,0.0
MI,Michigan,St Clair,,1.0,1.4,1.4,,,,1.4,1.0
MI,Michigan,St Joseph,,1.0,15.0,15.0,,,,15.0,1.0
MI,Michigan,St. Clair,26147,,,,1.0,1.4,1.4,-1.4,-1.0
MI,Michigan,St. Joseph,26149,,,,1.0,15.0,15.0,-15.0,-1.0
MI,Michigan,Washtenaw,26161,1.0,1.0,1.0,1.0,1.0,1.0,0.0,0.0
MI,Michigan,Wayne,26163,4.0,4.0,1.0,2.0,3.0,1.5,1.0,2.0
MN,Minnesota,Anoka,27003,2.0,10.7,5.35,1.0,3.4,3.4,7.299999999999999,1.0
MN,Minnesota,Benton,27009,19.0,19.0,1.0,19.0,19.0,1.0,0.0,0.0
MN,Minnesota,Blue Earth,27013,22.0,31.0,1.4090909090909092,20.0,27.0,1.35,4.0,2.0
MN,Minnesota,Carlton,27017,,,,1.0,1.0,1.0,-1.0,-1.0
MN,Minnesota,Carver,27019,25.0,38.4,1.536,25.0,38.4,1.536,0.0,0.0
MN,Minnesota,Chippewa,27023,14.0,14.0,1.0,14.0,14.0,1.0,0.0,0.0
MN,Minnesota,Chisago,27025,55.0,176.3,3.2054545454545456,58.0,179.3,3.091379310344828,-3.0,-3.0
MN,Minnesota,Clay,27027,5.0,5.0,1.0,5.0,5.0,1.0,0.0,0.0
MN,Minnesota,Dakota,27037,49.0,63.5,1.2959183673469388,50.0,66.7,1.334,-3.200000000000003,-1.0
MN,Minnesota,Dodge,27039,22.0,31.5,1.4318181818181819,23.0,32.5,1.4130434782608696,-1.0,-1.0
MN,Minnesota,Douglas,27041,4.0,8.0,2.0,4.0,8.0,2.0,0.0,0.0
MN,Minnesota,Faribault,27043,1.0,1.8,1.8,1.0,1.8,1.8,0.0,0.0
MN,Minnesota,Fillmore,27045,3.0,7.0,2.3333333333333335,3.0,7.0,2.3333333333333335,0.0,0.0
MN,Minnesota,Freeborn,27047,3.0,3.5,1.1666666666666667,3.0,3.5,1.1666666666666667,0.0,0.0
MN,Minnesota,Goodhue,27049,24.0,42.5,1.7708333333333333,25.0,46.4,1.8559999999999999,-3.8999999999999986,-1.0
MN,Minnesota,Hennepin,27053,12.0,13.2,1.0999999999999999,11.0,12.3,1.1181818181818182,0.8999999999999986,1.0
MN,Minnesota,Houston,27055,2.0,2.0,1.0,,,,2.0,2.0
MN,Minnesota,Isanti,27059,2.0,9.899999999999999,4.949999999999999,3.0,15.899999999999999,5.3,-6.0,-1.0
MN,Minnesota,Kandiyohi,27067,8.0,11.0,1.375,15.0,18.0,1.2,-7.0,-7.0
MN,Minnesota,Le Sueur,27079,14.0,22.0,1.5714285714285714,17.0,30.5,1.7941176470588236,-8.5,-3.0
MN,Minnesota,Lyon,27083,6.0,67.3,11.216666666666667,7.0,77.3,11.042857142857143,-10.0,-1.0
MN,Minnesota,McLeod,27085,18.0,23.0,1.2777777777777777,18.0,23.0,1.2777777777777777,0.0,0.0
MN,Minnesota,Meeker,27093,3.0,3.0,1.0,3.0,3.0,1.0,0.0,0.0
MN,Minnesota,Morrison,27097,1.0,10.9,10.9,1.0,10.9,10.9,0.0,0.0
MN,Minnesota,Murray,27101,3.0,3.7,1.2333333333333334,4.0,4.7,1.175,-1.0,-1.0
MN,Minnesota,Nicollet,27103,11.0,14.5,1.3181818181818181,10.0,10.0,1.0,4.5,1.0
MN,Minnesota,Olmsted,27109,7.0,13.9,1.9857142857142858,6.0,10.0,1.6666666666666667,3.9000000000000004,1.0
MN,Minnesota,Otter Tail,27111,1.0,0.5,0.5,,,,0.5,1.0
MN,Minnesota,Pipestone,27117,13.0,13.0,1.0,13.0,13.0,1.0,0.0,0.0
MN,Minnesota,Pope,27121,22.0,28.0,1.2727272727272727,17.0,23.0,1.3529411764705883,5.0,5.0
MN,Minnesota,Red Lake,27125,1.0,1.0,1.0,1.0,1.0,1.0,0.0,0.0
MN,Minnesota,Redwood,27127,9.0,9.4,1.0444444444444445,9.0,9.4,1.0444444444444445,0.0,0.0
MN,Minnesota,Renville,27129,11.0,11.0,1.0,12.0,12.0,1.0,-1.0,-1.0
MN,Minnesota,Rice,27131,26.0,52.0,2.0,19.0,39.5,2.0789473684210527,12.5,7.0
MN,Minnesota,Scott,27139,7.0,10.1,1.4428571428571428,7.0,10.1,1.4428571428571428,0.0,0.0
MN,Minnesota,Sherburne,27141,26.0,58.2,2.2384615384615385,28.0,64.5,2.3035714285714284,-6.299999999999997,-2.0
MN,Minnesota,Sibley,27143,3.0,5.3,1.7666666666666666,4.0,6.3,1.575,-1.0,-1.0
MN,Minnesota,Stearns,27145,54.0,89.9,1.664814814814815,55.0,91.0,1.6545454545454545,-1.0999999999999943,-1.0
MN,Minnesota,Steele,27147,6.0,12.4,2.066666666666667,15.0,21.4,1.4266666666666665,-8.999999999999998,-9.0
MN,Minnesota,Wabasha,27157,8.0,9.9,1.2375,7.0,9.0,1.2857142857142858,0.9000000000000004,1.0
MN,Minnesota,Waseca,27161,20.0,29.0,1.45,14.0,23.0,1.6428571428571428,6.0,6.0
MN,Minnesota,Washington,27163,26.0,40.4,1.5538461538461539,24.0,41.9,1.7458333333333333,-1.5,2.0
MN,Minnesota,Winona,27169,9.0,14.8,1.6444444444444446,11.0,16.8,1.5272727272727273,-2.0,-2.0
MN,Minnesota,Wright,27171,27.0,67.4,2.4962962962962965,27.0,67.4,2.4962962962962965,0.0,0.0
MN,Minnesota,Yellow Medicine,27173,1.0,5.0,5.0,1.0,5.0,5.0,0.0,0.0
MO,Missouri,Bates,29013,1.0,2.8,2.8,1.0,2.8,2.8,0.0,0.0
MO,Missouri,Boone,29019,1.0,10.0,10.0,1.0,10.0,10.0,0.0,0.0
MO,Missouri,Cape Girardeau,29031,,,,1.0,1.2,1.2,-1.2,-1.0
MO,Missouri,Cedar,29039,1.0,2.5,2.5,1.0,2.5,2.5,0.0,0.0
MO,Missouri,Christian,29043,1.0,7.9,7.9,1.0,7.9,7.9,0.0,0.0
MO,Missouri,Greene,29077,1.0,4.9,4.9,1.0,4.9,4.9,0.0,0.0
MO,Missouri,Grundy,29079,1.0,2.8,2.8,1.0,2.8,2.8,0.0,0.0
MO,Missouri,Jackson,29095,4.0,14.5,3.625,4.0,14.5,3.625,0.0,0.0
MO,Missouri,Jasper,29097,1.0,2.3,2.3,1.0,2.3,2.3,0.0,0.0
MO,Missouri,Laclede,29105,1.0,2.5,2.5,1.0,2.5,2.5,0.0,0.0
MO,Missouri,Lafayette,29107,1.0,2.5,2.5,1.0,2.5,2.5,0.0,0.0
MO,Missouri,Livingston,29117,1.0,2.5,2.5,1.0,2.5,2.5,0.0,0.0
MO,Missouri,Macon,29121,1.0,2.8,2.8,1.0,2.8,2.8,0.0,0.0
MO,Missouri,Phelps,29161,1.0,2.8,2.8,1.0,2.8,2.8,0.0,0.0
MO,Missouri,Pulaski,29169,1.0,2.8,2.8,1.0,2.8,2.8,0.0,0.0
MO,Missouri,Saline,29195,1.0,2.8,2.8,1.0,2.8,2.8,0.0,0.0
MO,Missouri,St Charles,,1.0,4.5,4.5,,,,4.5,1.0
MO,Missouri,St Francois,,1.0,2.5,2.5,,,,2.5,1.0
MO,Missouri,St Louis City,,2.0,2.6,1.3,,,,2.6,2.0
MO,Missouri,St. Charles,29183,,,,1.0,4.5,4.5,-4.5,-1.0
MO,Missouri,St. Francois,29187,,,,1.0,2.5,2.5,-2.5,-1.0
MO,Missouri,St. Louis,29510,,,,4.0,5.2,1.3,-5.2,-4.0
MS,Mississippi,Chickasaw,28017,1.0,3.1,3.1,1.0,3.1,3.1,0.0,0.0
MS,Mississippi,Forrest,28035,1.0,50.0,50.0,1.0,50.0,50.0,0.0,0.0
MS,Mississippi,Harrison,28047,1.0,3.5,3.5,1.0,3.5,3.5,0.0,0.0
MS,Mississippi,Lamar,28073,2.0,104.0,52.0,2.0,104.0,52.0,0.0,0.0
MS,Mississippi,Lauderdale,28075,2.0,57.5,28.75,2.0,57.5,28.75,0.0,0.0
MS,Mississippi,Rankin,28121,1.0,1.2,1.2,1.0,1.2,1.2,0.0,0.0
MT,Montana,Big Horn,30003,1.0,3.0,3.0,1.0,3.0,3.0,0.0,0.0
MT,Montana,Cascade,30013,1.0,3.0,3.0,1.0,3.0,3.0,0.0,0.0
MT,Montana,Gallatin,30031,,,,1.0,2.0,2.0,-2.0,-1.0
MT,Montana,Golden Valley,30037,1.0,3.0,3.0,1.0,3.0,3.0,0.0,0.0
MT,Montana,Lewis and Clark,30049,2.0,6.0,3.0,2.0,6.0,3.0,0.0,0.0
MT,Montana,Stillwater,30095,1.0,2.0,2.0,,,,2.0,1.0
MT,Montana,Sweet Grass,30097,,,,1.0,2.0,2.0,-2.0,-1.0
NC,North Carolina,Alamance,37001,7.0,28.2,4.0285714285714285,8.0,31.2,3.9,-3.0,-1.0
NC,North Carolina,Alexander,37003,3.0,11.2,3.733333333333333,3.0,11.0,3.6666666666666665,0.1999999999999993,0.0
NC,North Carolina,Anson,37007,7.0,127.2,18.17142857142857,7.0,127.2,18.17142857142857,0.0,0.0
NC,North Carolina,Beaufort,37013,10.0,142.5,14.25,10.0,142.5,14.25,0.0,0.0
NC,North Carolina,Bertie,37015,6.0,45.0,7.5,6.0,45.0,7.5,0.0,0.0
NC,North Carolina,Bladen,37017,16.0,343.5,21.46875,14.0,267.5,19.107142857142858,76.0,2.0
NC,North Carolina,Brunswick,37019,2.0,9.9,4.95,2.0,9.9,4.95,0.0,0.0
NC,North Carolina,Buncombe,37021,2.0,5.1,2.55,2.0,5.1,2.55,0.0,0.0
NC,North Carolina,Burke,37023,3.0,11.9,3.966666666666667,3.0,11.9,3.966666666666667,0.0,0.0
NC,North Carolina,Cabarrus,37025,5.0,111.80000000000001,22.360000000000003,5.0,111.80000000000001,22.360000000000003,0.0,0.0
NC,North Carolina,Caldwell,37027,1.0,1.1,1.1,1.0,1.1,1.1,0.0,0.0
NC,North Carolina,Camden,37029,4.0,35.0,8.75,4.0,35.0,8.75,0.0,0.0
NC,North Carolina,Caswell,37033,4.0,17.9,4.475,5.0,22.9,4.58,-5.0,-1.0
NC,North Carolina,Catawba,37035,13.0,171.3,13.176923076923078,13.0,171.3,13.176923076923078,0.0,0.0
NC,North Carolina,Chatham,37037,10.0,37.7,3.7700000000000005,11.0,42.6,3.872727272727273,-4.899999999999999,-1.0
NC,North Carolina,Cherokee,37039,3.0,3.0,1.0,3.0,3.0,1.0,0.0,0.0
NC,North Carolina,Chowan,37041,4.0,20.0,5.0,4.0,20.0,5.0,0.0,0.0
NC,North Carolina,Cleveland,37045,23.0,135.3,5.882608695652174,23.0,135.3,5.882608695652174,0.0,0.0
NC,North Carolina,Columbus,37047,14.0,64.9,4.635714285714286,15.0,69.9,4.66,-5.0,-1.0
NC,North Carolina,Craven,37049,8.0,38.5,4.8125,8.0,38.5,4.8125,0.0,0.0
NC,North Carolina,Cumberland,37051,14.0,131.8,9.414285714285715,15.0,202.8,13.520000000000001,-71.0,-1.0
NC,North Carolina,Currituck,37053,4.0,162.4,40.6,4.0,162.4,40.6,0.0,0.0
NC,North Carolina,Davidson,37057,,,,3.0,9.0,3.0,-9.0,-3.0
NC,North Carolina,Davie,37059,6.0,40.4,6.733333333333333,6.0,40.4,6.733333333333333,0.0,0.0
NC,North Carolina,Duplin,37061,41.0,180.0,4.390243902439025,33.0,180.5,5.46969696969697,-0.5,8.0
NC,North Carolina,Durham,37063,3.0,13.5,4.5,4.0,16.5,4.125,-3.0,-1.0
NC,North Carolina,Edgecombe,37065,9.0,281.9,31.32222222222222,9.0,281.5,31.27777777777778,0.39999999999997726,0.0
NC,North Carolina,Forsyth,37067,2.0,6.7,3.35,2.0,6.7,3.35,0.0,0.0
NC,North Carolina,Franklin,37069,13.0,86.9,6.684615384615385,10.0,88.4,8.84,-1.5,3.0
NC,North Carolina,Gaston,37071,5.0,40.3,8.059999999999999,5.0,40.3,8.059999999999999,0.0,0.0
NC,North Carolina,Gates,37073,3.0,15.0,5.0,3.0,15.0,5.0,0.0,0.0
NC,North Carolina,Granville,37077,9.0,42.7,4.7444444444444445,9.0,42.7,4.7444444444444445,0.0,0.0
NC,North Carolina,Greene,37079,7.0,13.9,1.9857142857142858,3.0,11.9,3.966666666666667,2.0,4.0
NC,North Carolina,Guilford,37081,7.0,25.7,3.6714285714285713,7.0,25.7,3.6714285714285713,0.0,0.0
NC,North Carolina,Halifax,37083,12.0,206.9,17.241666666666667,12.0,206.9,17.241666666666667,0.0,0.0
NC,North Carolina,Harnett,37085,11.0,46.7,4.245454545454546,11.0,49.1,4.463636363636364,-2.3999999999999986,0.0
NC,North Carolina,Haywood,37087,1.0,1.5,1.5,1.0,1.5,1.5,0.0,0.0
NC,North Carolina,Henderson,37089,2.0,4.0,2.0,3.0,7.0,2.3333333333333335,-3.0,-1.0
NC,North Carolina,Hertford,37091,18.0,176.5,9.805555555555555,18.0,176.5,9.805555555555555,0.0,0.0
NC,North Carolina,Hoke,37093,3.0,14.8,4.933333333333334,3.0,14.8,4.933333333333334,0.0,0.0
NC,North Carolina,Iredell,37097,2.0,9.9,4.95,2.0,9.9,4.95,0.0,0.0
NC,North Carolina,Johnston,37101,27.0,98.5,3.6481481481481484,29.0,106.2,3.6620689655172414,-7.700000000000003,-2.0
NC,North Carolina,Jones,37103,9.0,115.5,12.833333333333334,8.0,110.60000000000001,13.825000000000001,4.8999999999999915,1.0
NC,North Carolina,Lee,37105,9.0,38.8,4.311111111111111,8.0,36.8,4.6,2.0,1.0
NC,North Carolina,Lenoir,37107,14.0,156.0,11.142857142857142,11.0,93.9,8.536363636363637,62.099999999999994,3.0
NC,North Carolina,Lincoln,37109,2.0,10.0,5.0,2.0,10.0,5.0,0.0,0.0
NC,North Carolina,Martin,37117,15.0,102.0,6.8,15.0,102.0,6.8,0.0,0.0
NC,North Carolina,Mecklenburg,37119,1.0,1.9,1.9,1.0,1.9,1.9,0.0,0.0
NC,North Carolina,Montgomery,37123,8.0,50.4,6.3,10.0,60.4,6.04,-10.0,-2.0
NC,North Carolina,Moore,37125,19.0,44.2,2.3263157894736843,9.0,39.2,4.355555555555556,5.0,10.0
NC,North Carolina,Nash,37127,27.0,188.9,6.996296296296297,28.0,193.9,6.925,-5.0,-1.0
NC,North Carolina,New Hanover,37129,2.0,2.8,1.4,2.0,2.6,1.3,0.19999999999999973,0.0
NC,North Carolina,Northampton,37131,15.0,222.8,14.853333333333333,15.0,222.8,14.853333333333333,0.0,0.0
NC,North Carolina,Onslow,37133,6.0,31.1,5.183333333333334,8.0,41.0,5.125,-9.899999999999999,-2.0
NC,North Carolina,Orange,37135,3.0,13.0,4.333333333333333,3.0,13.0,4.333333333333333,0.0,0.0
NC,North Carolina,Pamlico,37137,1.0,5.0,5.0,2.0,10.0,5.0,-5.0,-1.0
NC,North Carolina,Pasquotank,37139,3.0,43.1,14.366666666666667,3.0,43.1,14.366666666666667,0.0,0.0
NC,North Carolina,Pender,37141,8.0,132.29999999999998,16.537499999999998,8.0,132.3,16.5375,-2.842170943040401e-14,0.0
NC,North Carolina,Perquimans,37143,8.0,51.2,6.4,8.0,51.2,6.4,0.0,0.0
NC,North Carolina,Person,37145,7.0,22.5,3.2142857142857144,7.0,22.5,3.2142857142857144,0.0,0.0
NC,North Carolina,Pitt,37147,8.0,36.9,4.6125,9.0,89.0,9.88888888888889,-52.1,-1.0
NC,North Carolina,Randolph,37151,15.0,55.4,3.6933333333333334,15.0,55.4,3.6933333333333334,0.0,0.0
NC,North Carolina,Richmond,37153,7.0,74.60000000000001,10.657142857142858,7.0,74.6,10.657142857142857,1.4210854715202004e-14,0.0
NC,North Carolina,Robeson,37155,41.0,209.0,5.097560975609756,42.0,211.0,5.023809523809524,-2.0,-1.0
NC,North Carolina,Rockingham,37157,6.0,29.9,4.983333333333333,5.0,24.9,4.9799999999999995,5.0,1.0
NC,North Carolina,Rowan,37159,11.0,46.3,4.209090909090909,11.0,46.3,4.209090909090909,0.0,0.0
NC,North Carolina,Rutherford,37161,10.0,122.2,12.22,10.0,122.19999999999999,12.219999999999999,1.4210854715202004e-14,0.0
NC,North Carolina,Sampson,37163,12.0,44.2,3.6833333333333336,12.0,44.2,3.6833333333333336,0.0,0.0
NC,North Carolina,Scotland,37165,14.0,138.8,9.914285714285715,14.0,138.8,9.914285714285715,0.0,0.0
NC,North Carolina,Stanly,37167,2.0,10.0,5.0,2.0,7.0,3.5,3.0,0.0
NC,North Carolina,Stokes,37169,2.0,8.9,4.45,2.0,8.9,4.45,0.0,0.0
NC,North Carolina,Surry,37171,5.0,17.6,3.5200000000000005,4.0,12.7,3.175,4.900000000000002,1.0
NC,North Carolina,Union,37179,5.0,74.9,14.98,5.0,74.9,14.98,0.0,0.0
NC,North Carolina,Vance,37181,13.0,107.8,8.292307692307691,13.0,107.8,8.292307692307691,0.0,0.0
NC,North Carolina,Wake,37183,12.0,31.6,2.6333333333333333,7.0,24.6,3.5142857142857147,7.0,5.0
NC,North Carolina,Warren,37185,10.0,119.4,11.940000000000001,9.0,115.9,12.877777777777778,3.5,1.0
NC,North Carolina,Washington,37187,3.0,99.0,33.0,3.0,149.6,49.86666666666667,-50.599999999999994,0.0
NC,North Carolina,Wayne,37191,27.0,115.9,4.292592592592593,31.0,135.7,4.377419354838709,-19.799999999999983,-4.0
NC,North Carolina,Wilson,37195,13.0,128.4,9.876923076923077,13.0,128.4,9.876923076923077,0.0,0.0
NC,North Carolina,Yadkin,37197,7.0,81.4,11.62857142857143,8.0,86.3,10.7875,-4.8999999999999915,-1.0
NE,Nebraska,Adams,31001,1.0,1.5,1.5,1.0,1.5,1.5,0.0,0.0
NE,Nebraska,Buffalo,31019,1.0,5.8,5.8,1.0,5.8,5.8,0.0,0.0
NE,Nebraska,Burt,31021,1.0,0.7,0.7,,,,0.7,1.0
NE,Nebraska,Dakota,31043,1.0,2.3,2.3,1.0,2.3,2.3,0.0,0.0
NE,Nebraska,Dawson,31047,3.0,6.5,2.1666666666666665,3.0,6.5,2.1666666666666665,0.0,0.0
NE,Nebraska,Dodge,31053,3.0,3.0,1.0,2.0,2.3,1.15,0.7000000000000002,1.0
NE,Nebraska,Lancaster,31109,1.0,4.0,4.0,1.0,4.0,4.0,0.0,0.0
NE,Nebraska,Scotts Bluff,31157,1.0,4.4,4.4,1.0,4.4,4.4,0.0,0.0
NE,Nebraska,Washington,31177,1.0,5.0,5.0,1.0,5.0,5.0,0.0,0.0
NH,New Hampshire,Hillsborough,33011,1.0,2.4,2.4,1.0,2.4,2.4,0.0,0.0
NJ,New Jersey,Atlantic,34001,17.0,31.1,1.8294117647058825,11.0,29.799999999999997,2.709090909090909,1.3000000000000043,6.0
NJ,New Jersey,Bergen,34003,7.0,6.4,0.9142857142857144,4.0,8.4,2.1,-2.0,3.0
NJ,New Jersey,Burlington,34005,35.0,171.6,4.902857142857143,34.0,170.8,5.023529411764706,0.799999999999983,1.0
NJ,New Jersey,Camden,34007,21.0,43.2,2.0571428571428574,14.0,47.3,3.3785714285714286,-4.099999999999994,7.0
NJ,New Jersey,Cape May,34009,2.0,2.5,1.25,3.0,42.5,14.166666666666666,-40.0,-1.0
NJ,New Jersey,Cumberland,34011,20.0,48.4,2.42,16.0,45.5,2.84375,2.8999999999999986,4.0
NJ,New Jersey,Essex,34013,7.0,13.8,1.9714285714285715,6.0,13.1,2.183333333333333,0.7000000000000011,1.0
NJ,New Jersey,Gloucester,34015,11.0,42.2,3.8363636363636364,12.0,46.3,3.858333333333333,-4.099999999999994,-1.0
NJ,New Jersey,Hudson,34017,20.0,23.6,1.1800000000000002,14.0,22.1,1.5785714285714287,1.5,6.0
NJ,New Jersey,Hunterdon,34019,13.0,66.8,5.138461538461538,13.0,66.8,5.138461538461538,0.0,0.0
NJ,New Jersey,Mercer,34021,21.0,62.800000000000004,2.9904761904761905,20.0,61.300000000000004,3.0650000000000004,1.5,1.0
NJ,New Jersey,Middlesex,34023,60.0,125.0,2.0833333333333335,44.0,137.8,3.1318181818181823,-12.800000000000011,16.0
NJ,New Jersey,Monmouth,34025,22.0,119.3,5.422727272727273,19.0,98.5,5.184210526315789,20.799999999999997,3.0
NJ,New Jersey,Morris,34027,10.0,21.5,2.15,9.0,20.2,2.2444444444444445,1.3000000000000007,1.0
NJ,New Jersey,Ocean,34029,9.0,59.3,6.588888888888889,8.0,59.1,7.3875,0.19999999999999574,1.0
NJ,New Jersey,Passaic,34031,2.0,2.9,1.45,2.0,3.8,1.9,-0.8999999999999999,0.0
NJ,New Jersey,Salem,34033,2.0,20.0,10.0,2.0,20.0,10.0,0.0,0.0
NJ,New Jersey,Somerset,34035,16.0,41.9,2.61875,15.0,39.0,2.6,2.8999999999999986,1.0
NJ,New Jersey,Sussex,34037,7.0,33.4,4.771428571428571,7.0,33.4,4.771428571428571,0.0,0.0
NJ,New Jersey,Union,34039,12.0,22.5,1.875,12.0,23.9,1.9916666666666665,-1.3999999999999986,0.0
NJ,New Jersey,Warren,34041,14.0,62.900000000000006,4.492857142857143,10.0,60.900000000000006,6.090000000000001,2.0,4.0
NM,New Mexico,Bernalillo,35001,9.0,56.0,6.222222222222222,9.0,56.7,6.300000000000001,-0.7000000000000028,0.0
NM,New Mexico,Chaves,35005,4.0,144.3,36.075,4.0,144.3,36.075,0.0,0.0
NM,New Mexico,Cibola,35006,3.0,14.5,4.833333333333333,3.0,14.5,4.833333333333333,0.0,0.0
NM,New Mexico,Colfax,35007,3.0,32.6,10.866666666666667,3.0,32.6,10.866666666666667,0.0,0.0
NM,New Mexico,Curry,35009,1.0,2.0,2.0,1.0,2.0,2.0,0.0,0.0
NM,New Mexico,Dona Ana,,7.0,54.3,7.757142857142857,,,,54.3,7.0
NM,New Mexico,Doña Ana,35013,,,,5.0,43.9,8.78,-43.9,-5.0
NM,New Mexico,Eddy,35015,1.0,10.1,10.1,1.0,10.1,10.1,0.0,0.0
NM,New Mexico,Grant,35017,1.0,1.0,1.0,1.0,1.0,1.0,0.0,0.0
NM,New Mexico,Lea,35025,5.0,45.1,9.02,5.0,45.1,9.02,0.0,0.0
NM,New Mexico,Lincoln,35027,1.0,3.0,3.0,1.0,3.0,3.0,0.0,0.0
NM,New Mexico,Los Alamos,35028,1.0,1.0,1.0,2.0,2.0,1.0,-1.0,-1.0
NM,New Mexico,Luna,35029,5.0,94.0,18.8,5.0,94.0,18.8,0.0,0.0
NM,New Mexico,McKinley,35031,1.0,8.0,8.0,1.0,8.0,8.0,0.0,0.0
NM,New Mexico,Otero,35035,3.0,18.0,6.0,4.0,28.0,7.0,-10.0,-1.0
NM,New Mexico,Quay,35037,1.0,25.0,25.0,1.0,25.0,25.0,0.0,0.0
NM,New Mexico,Rio Arriba,35039,2.0,4.0,2.0,3.0,5.3,1.7666666666666666,-1.2999999999999998,-1.0
NM,New Mexico,San Miguel,35047,4.0,26.5,6.625,4.0,26.5,6.625,0.0,0.0
NM,New Mexico,Sandoval,35043,5.0,64.3,12.86,4.0,63.1,15.775,1.1999999999999957,1.0
NM,New Mexico,Santa Fe,35049,1.0,9.5,9.5,1.0,9.5,9.5,0.0,0.0
NM,New Mexico,Sierra,35051,2.0,2.9,1.45,2.0,2.9,1.45,0.0,0.0
NM,New Mexico,Taos,35055,5.0,8.3,1.6600000000000001,4.0,7.0,1.75,1.3000000000000007,1.0
NM,New Mexico,Torrance,35057,2.0,52.0,26.0,2.0,52.0,26.0,0.0,0.0
NM,New Mexico,Valencia,35061,8.0,64.5,8.0625,8.0,64.5,8.0625,0.0,0.0
NV,Nevada,Churchill,32001,4.0,59.9,14.975,4.0,59.9,14.975,0.0,0.0
NV,Nevada,Clark,32003,61.0,2603.5,42.68032786885246,61.0,2424.8,39.75081967213115,178.69999999999982,0.0
NV,Nevada,Humboldt,32013,1.0,101.0,101.0,1.0,101.0,101.0,0.0,0.0
NV,Nevada,Lyon,32019,1.0,19.9,19.9,1.0,19.9,19.9,0.0,0.0
NV,Nevada,Mineral,32021,1.0,50.0,50.0,1.0,50.0,50.0,0.0,0.0
NV,Nevada,Nye,32023,3.0,243.5,81.16666666666667,4.0,257.0,64.25,-13.5,-1.0
NV,Nevada,Storey,32029,4.0,2.8,0.7,1.0,1.0,1.0,1.7999999999999998,3.0
NV,Nevada,Washoe,32031,2.0,70.0,35.0,2.0,70.0,35.0,0.0,0.0
NY,New York,Albany,36001,11.0,27.3,2.481818181818182,13.0,32.2,2.476923076923077,-4.900000000000002,-2.0
NY,New York,Allegany,36003,3.0,11.0,3.6666666666666665,5.0,17.5,3.5,-6.5,-2.0
NY,New York,Broome,36007,3.0,8.9,2.966666666666667,3.0,8.9,2.966666666666667,0.0,0.0
NY,New York,Cattaraugus,36009,5.0,17.2,3.44,5.0,17.2,3.44,0.0,0.0
NY,New York,Cayuga,36011,2.0,4.0,2.0,2.0,4.0,2.0,0.0,0.0
NY,New York,Chautauqua,36013,2.0,2.9000000000000004,1.4500000000000002,3.0,7.9,2.6333333333333333,-5.0,-1.0
NY,New York,Chemung,36015,6.0,13.3,2.216666666666667,7.0,17.3,2.4714285714285715,-4.0,-1.0
NY,New York,Chenango,36017,1.0,5.0,5.0,2.0,10.0,5.0,-5.0,-1.0
NY,New York,Clinton,36019,7.0,16.9,2.414285714285714,9.0,26.9,2.988888888888889,-10.0,-2.0
NY,New York,Columbia,36021,2.0,10.0,5.0,3.0,13.3,4.433333333333334,-3.3000000000000007,-1.0
NY,New York,Cortland,36023,4.0,20.0,5.0,5.0,22.0,4.4,-2.0,-1.0
NY,New York,Dutchess,36027,10.0,20.5,2.05,16.0,36.6,2.2875,-16.1,-6.0
NY,New York,Erie,36029,9.0,24.0,2.6666666666666665,10.0,26.4,2.6399999999999997,-2.3999999999999986,-1.0
NY,New York,Franklin,36033,3.0,7.2,2.4,3.0,7.2,2.4,0.0,0.0
NY,New York,Fulton,36035,12.0,39.1,3.2583333333333333,14.0,45.6,3.257142857142857,-6.5,-2.0
NY,New York,Genesee,36037,9.0,26.0,2.888888888888889,11.0,33.0,3.0,-7.0,-2.0
NY,New York,Greene,36039,2.0,3.6,1.8,3.0,5.6,1.8666666666666665,-1.9999999999999996,-1.0
NY,New York,Herkimer,36043,2.0,4.0,2.0,2.0,4.0,2.0,0.0,0.0
NY,New York,Jefferson,36045,8.0,31.0,3.875,8.0,31.0,3.875,0.0,0.0
NY,New York,Lewis,36049,1.0,2.0,2.0,2.0,7.0,3.5,-5.0,-1.0
NY,New York,Livingston,36051,2.0,7.0,3.5,4.0,16.0,4.0,-9.0,-2.0
NY,New York,Madison,36053,3.0,11.8,3.9333333333333336,6.0,22.4,3.733333333333333,-10.599999999999998,-3.0
NY,New York,Monroe,36055,13.0,29.0,2.230769230769231,19.0,57.5,3.026315789473684,-28.5,-6.0
NY,New York,Montgomery,36057,5.0,9.5,1.9,8.0,27.9,3.4875,-18.4,-3.0
NY,New York,Nassau,36059,1.0,1.8,1.8,1.0,1.8,1.8,0.0,0.0
NY,New York,Niagara,36063,5.0,24.0,4.8,6.0,28.2,4.7,-4.199999999999999,-1.0
NY,New York,Oneida,36065,10.0,22.9,2.29,13.0,37.7,2.9000000000000004,-14.800000000000004,-3.0
NY,New York,Onondaga,36067,6.0,14.0,2.3333333333333335,9.0,28.0,3.111111111111111,-14.0,-3.0
NY,New York,Ontario,36069,8.0,16.5,2.0625,11.0,28.0,2.5454545454545454,-11.5,-3.0
NY,New York,Orange,36071,30.0,66.1,2.203333333333333,35.0,75.6,2.1599999999999997,-9.5,-5.0
NY,New York,Orleans,36073,2.0,8.5,4.25,4.0,16.0,4.0,-7.5,-2.0
NY,New York,Oswego,36075,4.0,7.5,1.875,5.0,9.5,1.9,-2.0,-1.0
NY,New York,Otsego,36077,1.0,2.0,2.0,1.0,2.0,2.0,0.0,0.0
NY,New York,Rensselaer,36083,7.0,40.0,5.714285714285714,7.0,25.0,3.5714285714285716,15.0,0.0
NY,New York,Richmond,36085,2.0,2.7,1.35,3.0,7.6000000000000005,2.5333333333333337,-4.9,-1.0
NY,New York,Rockland,36087,3.0,4.0,1.3333333333333333,3.0,4.0,1.3333333333333333,0.0,0.0
NY,New York,Saratoga,36091,10.0,29.5,2.95,11.0,34.5,3.1363636363636362,-5.0,-1.0
NY,New York,Schenectady,36093,3.0,7.699999999999999,2.5666666666666664,10.0,25.9,2.59,-18.2,-7.0
NY,New York,Schoharie,36095,1.0,2.0,2.0,1.0,2.0,2.0,0.0,0.0
NY,New York,Schuyler,36097,3.0,9.7,3.233333333333333,2.0,5.7,2.85,3.999999999999999,1.0
NY,New York,Seneca,36099,1.0,2.0,2.0,3.0,9.0,3.0,-7.0,-2.0
NY,New York,St Lawrence,,4.0,6.5,1.625,,,,6.5,4.0
NY,New York,St. Lawrence,36089,,,,7.0,19.3,2.757142857142857,-19.3,-7.0
NY,New York,Steuben,36101,2.0,9.0,4.5,5.0,22.0,4.4,-13.0,-3.0
NY,New York,Suffolk,36103,22.0,127.4,5.790909090909091,22.0,127.39999999999999,5.79090909090909,1.4210854715202004e-14,0.0
NY,New York,Sullivan,36105,13.0,25.1,1.9307692307692308,12.0,25.8,2.15,-0.6999999999999993,1.0
NY,New York,Tioga,36107,4.0,31.0,7.75,10.0,55.9,5.59,-24.9,-6.0
NY,New York,Tompkins,36109,9.0,40.1,4.455555555555556,11.0,44.1,4.009090909090909,-4.0,-2.0
NY,New York,Ulster,36111,9.0,25.2,2.8,15.0,39.6,2.64,-14.400000000000002,-6.0
NY,New York,Warren,36113,1.0,1.9,1.9,1.0,1.9,1.9,0.0,0.0
NY,New York,Washington,36115,4.0,11.0,2.75,4.0,29.0,7.25,-18.0,0.0
NY,New York,Wayne,36117,7.0,13.6,1.9428571428571428,8.0,15.6,1.95,-2.0,-1.0
NY,New York,Westchester,36119,5.0,8.4,1.6800000000000002,5.0,8.4,1.6800000000000002,0.0,0.0
NY,New York,Wyoming,36121,3.0,7.0,2.3333333333333335,3.0,7.0,2.3333333333333335,0.0,0.0
NY,New York,Yates,36123,1.0,4.0,4.0,3.0,14.0,4.666666666666667,-10.0,-2.0
OH,Ohio,Auglaize,39011,2.0,16.5,8.25,2.0,16.5,8.25,0.0,0.0
OH,Ohio,Brown,39015,1.0,200.0,200.0,1.0,200.0,200.0,0.0,0.0
OH,Ohio,Clark,39023,1.0,1.5,1.5,1.0,1.5,1.5,0.0,0.0
OH,Ohio,Cuyahoga,39035,2.0,4.7,2.35,2.0,4.7,2.35,0.0,0.0
OH,Ohio,Darke,39037,1.0,1.8,1.8,1.0,1.8,1.8,0.0,0.0
OH,Ohio,Greene,39057,1.0,1.8,1.8,1.0,1.8,1.8,0.0,0.0
OH,Ohio,Hamilton,39061,1.0,1.4,1.4,,,,1.4,1.0
OH,Ohio,Hardin,39065,3.0,153.0,51.0,3.0,153.0,51.0,0.0,0.0
OH,Ohio,Henry,39069,2.0,11.5,5.75,2.0,11.5,5.75,0.0,0.0
OH,Ohio,Huron,39077,1.0,3.2,3.2,1.0,3.2,3.2,0.0,0.0
OH,Ohio,Licking,39089,1.0,1.9,1.9,1.0,1.9,1.9,0.0,0.0
OH,Ohio,Lorain,39093,1.0,2.0,2.0,1.0,2.0,2.0,0.0,0.0
OH,Ohio,Lucas,39095,2.0,3.8,1.9,3.0,5.300000000000001,1.7666666666666668,-1.5000000000000009,-1.0
OH,Ohio,Medina,39103,2.0,8.9,4.45,2.0,8.9,4.45,0.0,0.0
OH,Ohio,Mercer,39107,1.0,4.0,4.0,1.0,4.0,4.0,0.0,0.0
OH,Ohio,Miami,39109,2.0,14.4,7.2,2.0,14.4,7.2,0.0,0.0
OH,Ohio,Montgomery,39113,1.0,1.1,1.1,1.0,1.1,1.1,0.0,0.0
OH,Ohio,Paulding,39125,1.0,4.0,4.0,1.0,4.0,4.0,0.0,0.0
OH,Ohio,Richland,39139,1.0,1.9,1.9,1.0,1.9,1.9,0.0,0.0
OH,Ohio,Sandusky,39143,1.0,2.8,2.8,1.0,2.8,2.8,0.0,0.0
OH,Ohio,Shelby,39149,1.0,1.6,1.6,1.0,1.6,1.6,0.0,0.0
OH,Ohio,Stark,39151,1.0,1.9,1.9,1.0,1.9,1.9,0.0,0.0
OH,Ohio,Trumbull,39155,2.0,3.2,1.6,2.0,3.2,1.6,0.0,0.0
OH,Ohio,Wayne,39169,1.0,2.3,2.3,1.0,2.3,2.3,0.0,0.0
OH,Ohio,Williams,39171,1.0,2.1,2.1,1.0,2.1,2.1,0.0,0.0
OH,Ohio,Wood,39173,1.0,20.0,20.0,1.0,20.0,20.0,0.0,0.0
OH,Ohio,Wyandot,39175,1.0,10.0,10.0,1.0,10.0,10.0,0.0,0.0
OK,Oklahoma,Bryan,40013,1.0,5.0,5.0,1.0,5.0,5.0,0.0,0.0
OK,Oklahoma,Caddo,40015,3.0,11.0,3.6666666666666665,3.0,11.0,3.6666666666666665,0.0,0.0
OK,Oklahoma,Canadian,40017,1.0,2.5,2.5,1.0,2.5,2.5,0.0,0.0
OK,Oklahoma,Cleveland,40027,1.0,2.0,2.0,1.0,2.0,2.0,0.0,0.0
OK,Oklahoma,Garfield,40047,1.0,10.0,10.0,1.0,10.0,10.0,0.0,0.0
OK,Oklahoma,Grady,40051,1.0,4.0,4.0,1.0,4.0,4.0,0.0,0.0
OK,Oklahoma,Love,40085,1.0,3.0,3.0,1.0,3.0,3.0,0.0,0.0
OK,Oklahoma,Murray,40099,1.0,5.0,5.0,1.0,5.0,5.0,0.0,0.0
OK,Oklahoma,Texas,40139,,,,1.0,1.0,1.0,-1.0,-1.0
OR,Oregon,Baker,41001,2.0,17.8,8.9,2.0,17.8,8.9,0.0,0.0
OR,Oregon,Benton,41003,1.0,1.2,1.2,1.0,1.2,1.2,0.0,0.0
OR,Oregon,Clackamas,41005,18.0,65.4,3.6333333333333337,20.0,69.9,3.495,-4.5,-2.0
OR,Oregon,Crook,41013,3.0,166.3,55.43333333333334,3.0,166.3,55.43333333333334,0.0,0.0
OR,Oregon,Deschutes,41017,4.0,39.7,9.925,4.0,39.7,9.925,0.0,0.0
OR,Oregon,Harney,41025,4.0,39.9,9.975,4.0,39.9,9.975,0.0,0.0
OR,Oregon,Jackson,41029,2.0,19.9,9.95,2.0,19.9,9.95,0.0,0.0
OR,Oregon,Jefferson,41031,2.0,20.0,10.0,2.0,20.0,10.0,0.0,0.0
OR,Oregon,Klamath,41035,10.0,69.1,6.909999999999999,10.0,69.1,6.909999999999999,0.0,0.0
OR,Oregon,Lake,41037,10.0,121.6,12.16,10.0,121.6,12.16,0.0,0.0
OR,Oregon,Linn,41043,,,,1.0,2.9,2.9,-2.9,-1.0
OR,Oregon,Malheur,41045,9.0,58.5,6.5,9.0,58.5,6.5,0.0,0.0
OR,Oregon,Marion,41047,21.0,46.400000000000006,2.2095238095238097,21.0,46.400000000000006,2.2095238095238097,0.0,0.0
OR,Oregon,Multnomah,41051,1.0,1.4,1.4,1.0,1.4,1.4,0.0,0.0
OR,Oregon,Polk,41053,3.0,6.7,2.2333333333333334,4.0,9.7,2.425,-2.999999999999999,-1.0
OR,Oregon,Sherman,41055,1.0,10.0,10.0,1.0,10.0,10.0,0.0,0.0
OR,Oregon,Umatilla,41059,1.0,6.0,6.0,1.0,6.0,6.0,0.0,0.0
OR,Oregon,Washington,41067,2.0,5.2,2.6,2.0,5.2,2.6,0.0,0.0
OR,Oregon,Yamhill,41071,10.0,23.7,2.37,10.0,23.700000000000003,2.37,-3.552713678800501e-15,0.0
PA,Pennsylvania,Allegheny,42003,1.0,3.0,3.0,1.0,3.0,3.0,0.0,0.0
PA,Pennsylvania,Beaver,42007,1.0,1.3,1.3,1.0,1.3,1.3,0.0,0.0
PA,Pennsylvania,Berks,42011,2.0,4.2,2.1,2.0,4.2,2.1,0.0,0.0
PA,Pennsylvania,Bucks,42017,1.0,3.0,3.0,1.0,3.0,3.0,0.0,0.0
PA,Pennsylvania,Carbon,42025,2.0,20.1,10.05,2.0,20.1,10.05,0.0,0.0
PA,Pennsylvania,Centre,42027,1.0,1.5,1.5,2.0,15.0,7.5,-13.5,-1.0
PA,Pennsylvania,Chester,42029,4.0,4.8,1.2,4.0,4.8,1.2,0.0,0.0
PA,Pennsylvania,Cumberland,42041,4.0,7.3,1.825,2.0,6.0,3.0,1.2999999999999998,2.0
PA,Pennsylvania,Franklin,42055,4.0,68.5,17.125,3.0,55.0,18.333333333333332,13.5,1.0
PA,Pennsylvania,Lancaster,42071,4.0,11.6,2.9,4.0,11.6,2.9,0.0,0.0
PA,Pennsylvania,Lebanon,42075,1.0,3.0,3.0,1.0,3.0,3.0,0.0,0.0
PA,Pennsylvania,Lehigh,42077,1.0,1.9,1.9,,,,1.9,1.0
PA,Pennsylvania,Luzerne,42079,1.0,1.8,1.8,1.0,1.8,1.8,0.0,0.0
PA,Pennsylvania,Monroe,42089,1.0,2.7,2.7,1.0,2.7,2.7,0.0,0.0
PA,Pennsylvania,Montgomery,42091,3.0,3.5,1.1666666666666667,3.0,3.5,1.1666666666666667,0.0,0.0
PA,Pennsylvania,Northampton,42095,4.0,5.8,1.45,3.0,5.0,1.6666666666666667,0.7999999999999998,1.0
PA,Pennsylvania,Philadelphia,42101,1.0,2.9,2.9,1.0,2.9,2.9,0.0,0.0
PA,Pennsylvania,Schuylkill,42107,1.0,1.0,1.0,1.0,1.0,1.0,0.0,0.0
PA,Pennsylvania,Snyder,42109,1.0,3.0,3.0,1.0,3.0,3.0,0.0,0.0
PA,Pennsylvania,Somerset,42111,,,,1.0,15.0,15.0,-15.0,-1.0
PA,Pennsylvania,Tioga,42117,,,,1.0,1.1,1.1,-1.1,-1.0
PA,Pennsylvania,Westmoreland,42129,1.0,3.3,3.3,2.0,17.1,8.55,-13.8,-1.0
PA,Pennsylvania,York,42133,1.0,2.6,2.6,1.0,2.6,2.6,0.0,0.0
RI,Rhode Island,Bristol,44001,1.0,3.8,3.8,1.0,3.8,3.8,0.0,0.0
RI,Rhode Island,Kent,44003,10.0,70.9,7.090000000000001,8.0,47.0,5.875,23.900000000000006,2.0
RI,Rhode Island,Newport,44005,3.0,9.9,3.3000000000000003,3.0,9.9,3.3000000000000003,0.0,0.0
RI,Rhode Island,Providence,44007,25.0,94.6,3.784,26.0,110.69999999999999,4.257692307692308,-16.099999999999994,-1.0
RI,Rhode Island,Washington,44009,14.0,51.7,3.692857142857143,17.0,69.0,4.0588235294117645,-17.299999999999997,-3.0
SC,South Carolina,Aiken,45003,1.0,74.9,74.9,1.0,74.9,74.9,0.0,0.0
SC,South Carolina,Allendale,45005,4.0,98.6,24.65,2.0,78.2,39.1,20.39999999999999,2.0
SC,South Carolina,Anderson,45007,6.0,11.0,1.8333333333333333,6.0,11.0,1.8333333333333333,0.0,0.0
SC,South Carolina,Bamberg,45009,1.0,6.0,6.0,1.0,6.0,6.0,0.0,0.0
SC,South Carolina,Barnwell,45011,5.0,41.0,8.2,5.0,41.0,8.2,0.0,0.0
SC,South Carolina,Beaufort,45013,5.0,100.5,20.1,4.0,90.5,22.625,10.0,1.0
SC,South Carolina,Berkeley,45015,1.0,6.0,6.0,1.0,6.0,6.0,0.0,0.0
SC,South Carolina,Calhoun,45017,4.0,106.39999999999999,26.599999999999998,4.0,106.39999999999999,26.599999999999998,0.0,0.0
SC,South Carolina,Cherokee,45021,1.0,5.0,5.0,1.0,5.0,5.0,0.0,0.0
SC,South Carolina,Chesterfield,45025,1.0,75.0,75.0,1.0,75.0,75.0,0.0,0.0
SC,South Carolina,Clarendon,45027,4.0,8.0,2.0,4.0,8.0,2.0,0.0,0.0
SC,South Carolina,Colleton,45029,1.0,2.5,2.5,1.0,2.5,2.5,0.0,0.0
SC,South Carolina,Darlington,45031,5.0,18.0,3.6,7.0,21.0,3.0,-3.0,-2.0
SC,South Carolina,Dillon,45033,2.0,15.0,7.5,2.0,15.0,7.5,0.0,0.0
SC,South Carolina,Fairfield,45039,,,,1.0,12.8,12.8,-12.8,-1.0
SC,South Carolina,Florence,45041,8.0,23.0,2.875,8.0,23.0,2.875,0.0,0.0
SC,South Carolina,Greenville,45045,2.0,4.0,2.0,2.0,4.0,2.0,0.0,0.0
SC,South Carolina,Greenwood,45047,3.0,5.5,1.8333333333333333,3.0,5.5,1.8333333333333333,0.0,0.0
SC,South Carolina,Hampton,45049,4.0,48.8,12.2,7.0,79.2,11.314285714285715,-30.400000000000006,-3.0
SC,South Carolina,Horry,45051,2.0,3.6,1.8,2.0,3.6,1.8,0.0,0.0
SC,South Carolina,Jasper,45053,3.0,89.4,29.8,3.0,89.4,29.8,0.0,0.0
SC,South Carolina,Lancaster,45057,1.0,3.0,3.0,1.0,3.0,3.0,0.0,0.0
SC,South Carolina,Lee,45061,5.0,10.0,2.0,5.0,10.0,2.0,0.0,0.0
SC,South Carolina,Lexington,45063,7.0,57.3,8.185714285714285,7.0,57.3,8.185714285714285,0.0,0.0
SC,South Carolina,Marion,45067,2.0,8.9,4.45,2.0,8.9,4.45,0.0,0.0
SC,South Carolina,Newberry,45071,1.0,3.3,3.3,1.0,3.3,3.3,0.0,0.0
SC,South Carolina,Orangeburg,45075,6.0,271.2,45.199999999999996,6.0,271.3,45.21666666666667,-0.10000000000002274,0.0
SC,South Carolina,Saluda,45081,2.0,10.2,5.1,2.0,10.2,5.1,0.0,0.0
SC,South Carolina,Spartanburg,45083,5.0,10.0,2.0,6.0,13.6,2.2666666666666666,-3.5999999999999996,-1.0
SC,South Carolina,Union,45087,1.0,12.8,12.8,,,,12.8,1.0
SC,South Carolina,Williamsburg,45089,1.0,10.0,10.0,1.0,10.0,10.0,0.0,0.0
SD,South Dakota,Hughes,46065,1.0,1.0,1.0,1.0,1.0,1.0,0.0,0.0
TN,Tennessee,Davidson,47037,1.0,1.6,1.6,1.0,1.6,1.6,0.0,0.0
TN,Tennessee,Fayette,47047,2.0,17.3,8.65,2.0,17.3,8.65,0.0,0.0
TN,Tennessee,Hamilton,47065,4.0,12.299999999999999,3.0749999999999997,3.0,9.6,3.1999999999999997,2.6999999999999993,1.0
TN,Tennessee,Hardeman,47069,1.0,15.0,15.0,1.0,15.0,15.0,0.0,0.0
TN,Tennessee,Haywood,47075,2.0,7.2,3.6,2.0,7.2,3.6,0.0,0.0
TN,Tennessee,Madison,47113,1.0,16.0,16.0,1.0,16.0,16.0,0.0,0.0
TN,Tennessee,McNairy,47109,4.0,55.6,13.9,4.0,55.6,13.9,0.0,0.0
TN,Tennessee,Shelby,47157,3.0,55.6,18.533333333333335,3.0,55.6,18.533333333333335,0.0,0.0
TN,Tennessee,Washington,47179,2.0,13.4,6.7,2.0,13.4,6.7,0.0,0.0
TX,Texas,Andrews,48003,4.0,1070.0,267.5,4.0,1070.0,267.5,0.0,0.0
TX,Texas,Austin,48015,2.0,11.6,5.8,2.0,11.2,5.6,0.40000000000000036,0.0
TX,Texas,Bell,48027,1.0,15.4,15.4,,,,15.4,1.0
TX,Texas,Bexar,48029,11.0,102.8,9.345454545454546,11.0,103.1,9.372727272727273,-0.29999999999999716,0.0
TX,Texas,Borden,48033,3.0,525.0,175.0,3.0,530.6,176.86666666666667,-5.600000000000023,0.0
TX,Texas,Bosque,48035,3.0,19.9,6.633333333333333,2.0,10.0,5.0,9.899999999999999,1.0
TX,Texas,Brazoria,48039,1.0,120.0,120.0,1.0,120.0,120.0,0.0,0.0
TX,Texas,Brewster,48043,1.0,50.0,50.0,1.0,50.0,50.0,0.0,0.0
TX,Texas,Brooks,48047,1.0,10.0,10.0,1.0,10.0,10.0,0.0,0.0
TX,Texas,Childress,48075,1.0,240.0,240.0,1.0,240.0,240.0,0.0,0.0
TX,Texas,Collin,48085,1.0,7.7,7.7,1.0,7.7,7.7,0.0,0.0
TX,Texas,Concho,48095,1.0,250.0,250.0,1.0,250.0,250.0,0.0,0.0
TX,Texas,Cooke,48097,2.0,64.2,32.1,2.0,64.2,32.1,0.0,0.0
TX,Texas,Coryell,48099,,,,1.0,15.4,15.4,-15.4,-1.0
TX,Texas,Crane,48103,1.0,150.0,150.0,1.0,150.0,150.0,0.0,0.0
TX,Texas,Culberson,48109,2.0,440.0,220.0,2.0,447.2,223.6,-7.199999999999989,0.0
TX,Texas,Dallas,48113,1.0,1.2,1.2,,,,1.2,1.0
TX,Texas,Dawson,48115,2.0,152.0,76.0,2.0,152.0,76.0,0.0,0.0
TX,Texas,Denton,48121,1.0,2.0,2.0,1.0,2.0,2.0,0.0,0.0
TX,Texas,Ector,48135,3.0,196.8,65.60000000000001,3.0,196.8,65.60000000000001,0.0,0.0
TX,Texas,El Paso,48141,3.0,15.5,5.166666666666667,4.0,17.0,4.25,-1.5,-1.0
TX,Texas,Ellis,48139,1.0,134.7,134.7,1.0,134.7,134.7,0.0,0.0
TX,Texas,Erath,48143,1.0,9.9,9.9,1.0,9.9,9.9,0.0,0.0
TX,Texas,Falls,48145,,,,1.0,5.3,5.3,-5.3,-1.0
TX,Texas,Fannin,48147,3.0,216.6,72.2,3.0,216.6,72.2,0.0,0.0
TX,Texas,Fort Bend,48157,1.0,10.0,10.0,1.0,10.0,10.0,0.0,0.0
TX,Texas,Frio,48163,1.0,132.4,132.4,1.0,132.4,132.4,0.0,0.0
TX,Texas,Grayson,48181,4.0,20.3,5.075,4.0,20.3,5.075,0.0,0.0
TX,Texas,Guadalupe,48187,1.0,4.9,4.9,1.0,4.9,4.9,0.0,0.0
TX,Texas,Harris,48201,1.0,1.0,1.0,1.0,1.9,1.9,-0.8999999999999999,0.0
TX,Texas,Haskell,48207,2.0,325.0,162.5,2.0,325.0,162.5,0.0,0.0
TX,Texas,Hill,48217,,,,1.0,9.9,9.9,-9.9,-1.0
TX,Texas,Hunt,48231,2.0,20.0,10.0,2.0,20.0,10.0,0.0,0.0
TX,Texas,Jones,48253,1.0,200.0,200.0,1.0,200.0,200.0,0.0,0.0
TX,Texas,Karnes,48255,1.0,10.0,10.0,1.0,10.0,10.0,0.0,0.0
TX,Texas,Kaufman,48257,1.0,146.7,146.7,1.0,146.7,146.7,0.0,0.0
TX,Texas,Kinney,48271,1.0,39.6,39.6,1.0,40.0,40.0,-0.3999999999999986,0.0
TX,Texas,Lamar,48277,2.0,208.5,104.25,2.0,208.5,104.25,0.0,0.0
TX,Texas,Limestone,48293,1.0,5.3,5.3,,,,5.3,1.0
TX,Texas,McLennan,48309,2.0,15.0,7.5,2.0,15.0,7.5,0.0,0.0
TX,Texas,Menard,48327,1.0,7.5,7.5,1.0,7.5,7.5,0.0,0.0
TX,Texas,Navarro,48349,1.0,127.0,127.0,1.0,127.0,127.0,0.0,0.0
TX,Texas,Nolan,48353,1.0,200.0,200.0,1.0,200.0,200.0,0.0,0.0
TX,Texas,Pecos,48371,11.0,1559.7,141.79090909090908,11.0,1559.7,141.79090909090908,0.0,0.0
TX,Texas,Presidio,48377,1.0,10.0,10.0,1.0,10.0,10.0,0.0,0.0
TX,Texas,Real,48385,1.0,1.5,1.5,1.0,1.5,1.5,0.0,0.0
TX,Texas,Reeves,48389,1.0,100.0,100.0,1.0,100.0,100.0,0.0,0.0
TX,Texas,Sterling,48431,2.0,145.0,72.5,2.0,145.0,72.5,0.0,0.0
TX,Texas,Tarrant,48439,,,,2.0,5.2,2.6,-5.2,-2.0
TX,Texas,Tom Green,48451,1.0,200.0,200.0,1.0,200.0,200.0,0.0,0.0
TX,Texas,Travis,48453,3.0,176.6,58.86666666666667,4.0,178.4,44.6,-1.8000000000000114,-1.0
TX,Texas,Upton,48461,4.0,730.0,182.5,4.0,827.0,206.75,-97.0,0.0
TX,Texas,Uvalde,48463,1.0,100.0,100.0,1.0,100.0,100.0,0.0,0.0
TX,Texas,Van Zandt,48467,1.0,59.0,59.0,1.0,59.0,59.0,0.0,0.0
TX,Texas,Webb,48479,2.0,210.0,105.0,2.0,210.0,105.0,0.0,0.0
TX,Texas,Wharton,48481,1.0,10.0,10.0,1.0,10.0,10.0,0.0,0.0
TX,Texas,Williamson,48491,1.0,1.4,1.4,1.0,1.4,1.4,0.0,0.0
TX,Texas,Wilson,48493,6.0,6.0,1.0,7.0,7.0,1.0,-1.0,-1.0
TX,Texas,Winkler,48495,1.0,250.0,250.0,1.0,250.0,250.0,0.0,0.0
UT,Utah,Beaver,49001,10.0,356.1,35.61,10.0,356.1,35.61,0.0,0.0
UT,Utah,Davis,49011,1.0,1.3,1.3,1.0,1.3,1.3,0.0,0.0
UT,Utah,Emery,49015,1.0,100.0,100.0,1.0,100.0,100.0,0.0,0.0
UT,Utah,Iron,49021,17.0,657.4,38.67058823529412,17.0,657.0,38.64705882352941,0.39999999999997726,0.0
UT,Utah,Juab,49023,1.0,80.0,80.0,1.0,80.0,80.0,0.0,0.0
UT,Utah,Millard,49027,3.0,120.0,40.0,3.0,120.0,40.0,0.0,0.0
UT,Utah,Rich,49033,1.0,57.6,57.6,1.0,57.6,57.6,0.0,0.0
UT,Utah,Salt Lake,49035,2.0,1.3,0.65,,,,1.3,2.0
UT,Utah,Sevier,49041,1.0,80.0,80.0,1.0,80.0,80.0,0.0,0.0
UT,Utah,Tooele,49045,1.0,1.5,1.5,,,,1.5,1.0
UT,Utah,Utah,49049,,,,1.0,4.0,4.0,-4.0,-1.0
UT,Utah,Washington,49053,1.0,2.0,2.0,1.0,2.0,2.0,0.0,0.0
VA,Virginia,Accomack,51001,5.0,84.3,16.86,2.0,84.0,42.0,0.29999999999999716,3.0
VA,Virginia,Albemarle,51003,,,,1.0,13.3,13.3,-13.3,-1.0
VA,Virginia,Appomattox,51011,1.0,15.7,15.7,1.0,15.7,15.7,0.0,0.0
VA,Virginia,Bedford,51019,1.0,3.0,3.0,1.0,3.0,3.0,0.0,0.0
VA,Virginia,Buckingham,51029,2.0,39.8,19.9,2.0,39.8,19.9,0.0,0.0
VA,Virginia,Campbell,51031,1.0,80.0,80.0,1.0,80.0,80.0,0.0,0.0
VA,Virginia,Charlotte,51037,1.0,13.8,13.8,1.0,13.8,13.8,0.0,0.0
VA,Virginia,Chesapeake,51550,,,,4.0,103.0,25.75,-103.0,-4.0
VA,Virginia,Chesapeake City,,4.0,103.0,25.75,,,,103.0,4.0
VA,Virginia,Chesterfield,51041,1.0,2.0,2.0,1.0,2.0,2.0,0.0,0.0
VA,Virginia,Clarke,51043,1.0,10.0,10.0,1.0,10.0,10.0,0.0,0.0
VA,Virginia,Essex,51057,1.0,20.0,20.0,1.0,20.0,20.0,0.0,0.0
VA,Virginia,Fauquier,51061,1.0,20.0,20.0,1.0,20.0,20.0,0.0,0.0
VA,Virginia,Fluvanna,51065,1.0,5.0,5.0,1.0,5.0,5.0,0.0,0.0
VA,Virginia,Gloucester,51073,1.0,19.9,19.9,1.0,19.9,19.9,0.0,0.0
VA,Virginia,Goochland,51075,1.0,5.0,5.0,1.0,5.0,5.0,0.0,0.0
VA,Virginia,Greensville,51081,2.0,180.0,90.0,2.0,180.0,90.0,0.0,0.0
VA,Virginia,Halifax,51083,1.0,80.0,80.0,1.0,80.0,80.0,0.0,0.0
VA,Virginia,Hanover,51085,1.0,25.0,25.0,1.0,25.0,25.0,0.0,0.0
VA,Virginia,Henrico,51087,1.0,20.0,20.0,1.0,20.0,20.0,0.0,0.0
VA,Virginia,Henry,51089,1.0,20.0,20.0,2.0,40.0,20.0,-20.0,-1.0
VA,Virginia,Isle of Wight,51093,1.0,19.0,19.0,1.0,19.0,19.0,0.0,0.0
VA,Virginia,James City,51095,1.0,19.9,19.9,1.0,19.9,19.9,0.0,0.0
VA,Virginia,King William,51101,2.0,30.0,15.0,2.0,30.0,15.0,0.0,0.0
VA,Virginia,Lancaster,51103,1.0,1.5,1.5,1.0,1.5,1.5,0.0,0.0
VA,Virginia,Louisa,51109,2.0,108.2,54.1,2.0,108.2,54.1,0.0,0.0
VA,Virginia,Mecklenburg,51117,2.0,129.9,64.95,2.0,129.9,64.95,0.0,0.0
VA,Virginia,Middlesex,51119,1.0,15.0,15.0,1.0,15.0,15.0,0.0,0.0
VA,Virginia,New Kent,51127,1.0,20.0,20.0,1.0,20.0,20.0,0.0,0.0
VA,Virginia,Norfolk,51710,,,,1.0,1.3,1.3,-1.3,-1.0
VA,Virginia,Norfolk City,,1.0,1.3,1.3,,,,1.3,1.0
VA,Virginia,Northampton,51131,1.0,20.0,20.0,1.0,20.0,20.0,0.0,0.0
VA,Virginia,Pittsylvania,51143,3.0,68.0,22.666666666666668,5.0,78.0,15.6,-10.0,-2.0
VA,Virginia,Powhatan,51145,2.0,37.0,18.5,3.0,55.0,18.333333333333332,-18.0,-1.0
VA,Virginia,Prince Edward,51147,,,,1.0,3.0,3.0,-3.0,-1.0
VA,Virginia,Prince George,51149,1.0,19.7,19.7,1.0,19.7,19.7,0.0,0.0
VA,Virginia,Rockingham,51165,1.0,2.1,2.1,1.0,2.1,2.1,0.0,0.0
VA,Virginia,Shenandoah,51171,1.0,15.7,15.7,1.0,15.7,15.7,0.0,0.0
VA,Virginia,Southampton,51175,1.0,100.0,100.0,1.0,100.0,100.0,0.0,0.0
VA,Virginia,Spotsylvania,51177,4.0,500.0,125.0,4.0,500.0,125.0,0.0,0.0
VA,Virginia,Suffolk,51800,,,,1.0,15.0,15.0,-15.0,-1.0
VA,Virginia,Suffolk City,,1.0,15.0,15.0,,,,15.0,1.0
VA,Virginia,Surry,51181,2.0,240.3,120.15,2.0,240.3,120.15,0.0,0.0
VA,Virginia,Sussex,51183,1.0,20.0,20.0,1.0,20.0,20.0,0.0,0.0
VA,Virginia,Virginia Beach,51810,,,,1.0,17.6,17.6,-17.6,-1.0
VA,Virginia,Virginia Beach City,,1.0,17.6,17.6,,,,17.6,1.0
VA,Virginia,Warren,51187,1.0,2.5,2.5,1.0,2.5,2.5,0.0,0.0
VA,Virginia,Westmoreland,51193,3.0,53.9,17.966666666666665,3.0,53.9,17.966666666666665,0.0,0.0
VT,Vermont,Addison,50001,4.0,14.100000000000001,3.5250000000000004,4.0,14.100000000000001,3.5250000000000004,0.0,0.0
VT,Vermont,Bennington,50003,2.0,4.2,2.1,2.0,4.2,2.1,0.0,0.0
VT,Vermont,Caledonia,50005,2.0,3.9000000000000004,1.9500000000000002,2.0,3.9000000000000004,1.9500000000000002,0.0,0.0
VT,Vermont,Chittenden,50007,11.0,29.5,2.6818181818181817,13.0,33.5,2.576923076923077,-4.0,-2.0
VT,Vermont,Essex,50009,1.0,2.1,2.1,1.0,2.1,2.1,0.0,0.0
VT,Vermont,Franklin,50011,3.0,9.2,3.0666666666666664,3.0,9.2,3.0666666666666664,0.0,0.0
VT,Vermont,Grand Isle,50013,1.0,1.0,1.0,1.0,1.0,1.0,0.0,0.0
VT,Vermont,Lamoille,50015,3.0,5.300000000000001,1.7666666666666668,3.0,5.300000000000001,1.7666666666666668,0.0,0.0
VT,Vermont,Orange,50017,3.0,12.0,4.0,3.0,12.0,4.0,0.0,0.0
VT,Vermont,Orleans,50019,2.0,4.1,2.05,2.0,4.1,2.05,0.0,0.0
VT,Vermont,Rutland,50021,8.0,16.0,2.0,8.0,16.0,2.0,0.0,0.0
VT,Vermont,Windham,50025,2.0,3.8,1.9,3.0,8.8,2.9333333333333336,-5.000000000000001,-1.0
VT,Vermont,Windsor,50027,4.0,28.6,7.15,4.0,28.6,7.15,0.0,0.0
WA,Washington,Adams,53001,1.0,19.2,19.2,1.0,19.2,19.2,0.0,0.0
WA,Washington,Benton,53005,1.0,3.2,3.2,1.0,3.2,3.2,0.0,0.0
WA,Washington,Kittitas,53037,1.0,0.5,0.5,,,,0.5,1.0
WA,Washington,Snohomish,53061,1.0,0.5,0.5,,,,0.5,1.0
WI,Wisconsin,Barron,55005,3.0,9.3,3.1,3.0,9.3,3.1,0.0,0.0
WI,Wisconsin,Buffalo,55011,1.0,3.0,3.0,1.0,3.0,3.0,0.0,0.0
WI,Wisconsin,Chippewa,55017,2.0,3.5,1.75,2.0,3.5,1.75,0.0,0.0
WI,Wisconsin,Dane,55025,6.0,39.7,6.616666666666667,5.0,33.400000000000006,6.6800000000000015,6.299999999999997,1.0
WI,Wisconsin,Dunn,55033,1.0,1.0,1.0,1.0,1.0,1.0,0.0,0.0
WI,Wisconsin,Fond Du Lac,,1.0,1.0,1.0,,,,1.0,1.0
WI,Wisconsin,Fond du Lac,55039,,,,3.0,7.0,2.3333333333333335,-7.0,-3.0
WI,Wisconsin,Grant,55043,2.0,4.0,2.0,2.0,4.0,2.0,0.0,0.0
WI,Wisconsin,Iowa,55049,1.0,150.0,150.0,1.0,150.0,150.0,0.0,0.0
WI,Wisconsin,Jackson,55053,3.0,7.0,2.3333333333333335,3.0,7.0,2.3333333333333335,0.0,0.0
WI,Wisconsin,Jefferson,55055,1.0,1.0,1.0,3.0,8.3,2.766666666666667,-7.300000000000001,-2.0
WI,Wisconsin,Juneau,55057,3.0,5.5,1.8333333333333333,3.0,5.5,1.8333333333333333,0.0,0.0
WI,Wisconsin,Kenosha,55059,,,,1.0,2.3,2.3,-2.3,-1.0
WI,Wisconsin,Manitowoc,55071,2.0,250.0,125.0,2.0,250.0,125.0,0.0,0.0
WI,Wisconsin,Milwaukee,55079,1.0,1.2,1.2,3.0,5.8,1.9333333333333333,-4.6,-2.0
WI,Wisconsin,Monroe,55081,1.0,2.0,2.0,1.0,2.0,2.0,0.0,0.0
WI,Wisconsin,Polk,55095,1.0,1.0,1.0,1.0,1.0,1.0,0.0,0.0
WI,Wisconsin,Price,55099,1.0,2.5,2.5,1.0,2.5,2.5,0.0,0.0
WI,Wisconsin,Racine,55101,,,,3.0,13.5,4.5,-13.5,-3.0
WI,Wisconsin,Rock,55105,2.0,6.5,3.25,2.0,6.5,3.25,0.0,0.0
WI,Wisconsin,Rusk,55107,1.0,1.0,1.0,1.0,1.0,1.0,0.0,0.0
WI,Wisconsin,St Croix,,1.0,2.2,2.2,,,,2.2,1.0
WI,Wisconsin,St. Croix,55109,,,,1.0,2.2,2.2,-2.2,-1.0
WI,Wisconsin,Taylor,55119,1.0,2.0,2.0,1.0,2.0,2.0,0.0,0.0
WI,Wisconsin,Trempealeau,55121,1.0,5.0,5.0,1.0,5.0,5.0,0.0,0.0
WI,Wisconsin,Vernon,55123,2.0,2.1,1.05,2.0,2.1,1.05,0.0,0.0
WI,Wisconsin,Walworth,55127,,,,1.0,6.0,6.0,-6.0,-1.0
WI,Wisconsin,Washburn,55129,1.0,2.0,2.0,1.0,2.0,2.0,0.0,0.0
WI,Wisconsin,Washington,55131,,,,2.0,4.199999999999999,2.0999999999999996,-4.199999999999999,-2.0
WI,Wisconsin,Waukesha,55133,,,,2.0,4.5,2.25,-4.5,-2.0
WY,Wyoming,Sweetwater,56037,1.0,92.0,92.0,1.0,92.0,92.0,0.0,0.0
