state_abbrev,state_name,county_name,county_fips,project_count_eia_2024,total_capacity_mw_eia_2024,avg_capacity_mw_eia_2024,project_count_gem_2024,total_capacity_mw_gem_2024,avg_capacity_mw_gem_2024,capacity_diff_mw_eia_2024_minus_gem_2024,project_count_diff_eia_2024_minus_gem_2024
AK,Alaska,Matanuska Susitna,,1.0,6.0,6.0,,,,6.0,1.0
AK,Alaska,Matanuska-Susitna,02170,,,,1.0,6.0,6.0,-6.0,-1.0
AK,Alaska,NORTHWEST ARCTIC,,17.0,1.7000000000000002,0.1,,,,1.7000000000000002,17.0
AL,Alabama,Calhoun,01015,1.0,7.4,7.4,1.0,7.4,7.4,0.0,0.0
AL,Alabama,Chambers,01017,1.0,79.2,79.2,1.0,79.2,79.2,0.0,0.0
AL,Alabama,Colbert,01033,1.0,227.0,227.0,1.0,227.0,227.0,0.0,0.0
AL,Alabama,Covington,01039,1.0,80.0,80.0,1.0,80.0,80.0,0.0,0.0
AL,Alabama,Dale,01045,1.0,10.6,10.6,1.0,10.6,10.6,0.0,0.0
AL,Alabama,Lauderdale,01077,1.0,75.0,75.0,1.0,75.0,75.0,0.0,0.0
AL,Alabama,Limestone,01083,1.0,14.7,14.7,1.0,14.7,14.7,0.0,0.0
AL,Alabama,Madison,01089,2.0,42.4,21.2,2.0,42.4,21.2,0.0,0.0
AL,Alabama,Montgomery,01101,1.0,100.0,100.0,1.0,100.0,100.0,0.0,0.0
AL,Alabama,Russell,01113,1.0,30.0,30.0,1.0,30.0,30.0,0.0,0.0
AR,Arkansas,Arkansas,05001,1.0,81.0,81.0,3.0,207.0,69.0,-126.0,-2.0
AR,Arkansas,Ashley,05003,4.0,211.2,52.8,4.0,211.2,52.8,0.0,0.0
AR,Arkansas,Calhoun,05013,1.0,12.0,12.0,2.0,14.0,7.0,-2.0,-1.0
AR,Arkansas,Carroll,05015,2.0,2.2,1.1,2.0,2.2,1.1,0.0,0.0
AR,Arkansas,Chicot,05017,1.0,100.0,100.0,1.0,100.0,100.0,0.0,0.0
AR,Arkansas,Clark,05019,2.0,6.0,3.0,2.0,6.0,3.0,0.0,0.0
AR,Arkansas,Clay,05021,1.0,1.0,1.0,1.0,1.0,1.0,0.0,0.0
AR,Arkansas,Craighead,05031,2.0,11.0,5.5,2.0,11.0,5.5,0.0,0.0
AR,Arkansas,Crittenden,05035,2.0,360.0,180.0,2.0,360.0,180.0,0.0,0.0
AR,Arkansas,Franklin,05047,2.0,6.0,3.0,2.0,6.0,3.0,0.0,0.0
AR,Arkansas,Fulton,05049,1.0,1.0,1.0,1.0,1.0,1.0,0.0,0.0
AR,Arkansas,Garland,05051,1.0,1.0,1.0,1.0,1.0,1.0,0.0,0.0
AR,Arkansas,Greene,05055,1.0,1.5,1.5,1.0,1.5,1.5,0.0,0.0
AR,Arkansas,Howard,05061,2.0,4.8,2.4,2.0,4.8,2.4,0.0,0.0
AR,Arkansas,Jackson,05067,3.0,183.9,61.300000000000004,3.0,183.9,61.300000000000004,0.0,0.0
AR,Arkansas,Johnson,05071,2.0,7.2,3.6,2.0,7.2,3.6,0.0,0.0
AR,Arkansas,Lee,05077,1.0,100.0,100.0,,,,100.0,1.0
AR,Arkansas,Lincoln,05079,3.0,6.9,2.3000000000000003,3.0,6.9,2.3000000000000003,0.0,0.0
AR,Arkansas,Logan,05083,3.0,9.5,3.1666666666666665,3.0,9.5,3.1666666666666665,0.0,0.0
AR,Arkansas,Miller,05091,1.0,1.0,1.0,1.0,1.0,1.0,0.0,0.0
AR,Arkansas,Mississippi,05093,3.0,326.0,108.66666666666667,3.0,326.0,108.66666666666667,0.0,0.0
AR,Arkansas,Ouachita,05103,2.0,3.0,1.5,1.0,1.0,1.0,2.0,1.0
AR,Arkansas,Polk,05113,1.0,1.0,1.0,1.0,1.0,1.0,0.0,0.0
AR,Arkansas,Pulaski,05119,4.0,12.6,3.15,4.0,12.6,3.15,0.0,0.0
AR,Arkansas,Saline,05125,,,,2.0,2.0,1.0,-2.0,-2.0
AR,Arkansas,St Francis,,2.0,2.0,1.0,,,,2.0,2.0
AR,Arkansas,St. Francis,05123,1.0,1.0,1.0,3.0,3.0,1.0,-2.0,-2.0
AR,Arkansas,Union,05139,1.0,1.8,1.8,1.0,1.8,1.8,0.0,0.0
AR,Arkansas,Van Buren,05141,1.0,1.0,1.0,1.0,1.0,1.0,0.0,0.0
AR,Arkansas,Washington,05143,6.0,17.3,2.8833333333333333,6.0,17.3,2.8833333333333333,0.0,0.0
AR,Arkansas,White,05145,4.0,198.8,49.7,4.0,198.8,49.7,0.0,0.0
AR,Arkansas,Woodruff,05147,1.0,122.0,122.0,1.0,122.0,122.0,0.0,0.0
AZ,Arizona,Apache,04001,3.0,13.4,4.466666666666667,3.0,13.4,4.466666666666667,0.0,0.0
AZ,Arizona,Cochise,04003,7.0,158.7,22.67142857142857,7.0,158.7,22.67142857142857,0.0,0.0
AZ,Arizona,GILA,,1.0,20.0,20.0,,,,20.0,1.0
AZ,Arizona,La Paz,04012,1.0,32.5,32.5,1.0,32.5,32.5,0.0,0.0
AZ,Arizona,Maricopa,04013,63.0,2344.8,37.21904761904762,42.0,2268.6,54.01428571428571,76.20000000000027,21.0
AZ,Arizona,Mohave,04015,8.0,102.8,12.85,7.0,102.30000000000001,14.614285714285716,0.4999999999999858,1.0
AZ,Arizona,Navajo,04017,2.0,55.3,27.65,2.0,55.3,27.65,0.0,0.0
AZ,Arizona,Pima,04019,28.0,298.20000000000005,10.650000000000002,29.0,300.8,10.37241379310345,-2.599999999999966,-1.0
AZ,Arizona,Pinal,04021,13.0,1141.4,87.80000000000001,17.0,1207.3,71.01764705882353,-65.89999999999986,-4.0
AZ,Arizona,Santa Cruz,04023,1.0,6.0,6.0,1.0,6.0,6.0,0.0,0.0
AZ,Arizona,Yavapai,04025,4.0,47.7,11.925,4.0,47.7,11.925,0.0,0.0
AZ,Arizona,Yuma,04027,16.0,1115.4,69.7125,13.0,1110.0,85.38461538461539,5.400000000000091,3.0
CA,California,Alameda,06001,11.0,12.3,1.1181818181818182,6.0,10.2,1.7,2.1000000000000014,5.0
CA,California,Butte,06007,5.0,10.0,2.0,4.0,8.7,2.175,1.3000000000000007,1.0
CA,California,Contra Costa,06013,16.0,77.1,4.81875,11.0,75.2,6.836363636363637,1.8999999999999915,5.0
CA,California,El Dorado,06017,6.0,6.8,1.1333333333333333,4.0,5.8,1.45,1.0,2.0
CA,California,Fresno,06019,78.0,1599.3,20.503846153846155,68.0,1591.2,23.400000000000002,8.099999999999909,10.0
CA,California,Glenn,06021,1.0,1.5,1.5,1.0,1.5,1.5,0.0,0.0
CA,California,Humboldt,06023,1.0,2.2,2.2,1.0,2.2,2.2,0.0,0.0
CA,California,Imperial,06025,45.0,2113.8,46.973333333333336,46.0,2163.5,47.03260869565217,-49.69999999999982,-1.0
CA,California,Inyo,06027,3.0,7.0,2.3333333333333335,3.0,7.0,2.3333333333333335,0.0,0.0
CA,California,KERN,,1.0,20.0,20.0,,,,20.0,1.0
CA,California,Kern,06029,148.0,5077.2,34.3054054054054,144.0,4805.0,33.36805555555556,272.1999999999998,4.0
CA,California,Kings,06031,44.0,1759.7,39.99318181818182,44.0,1760.3,40.00681818181818,-0.599999999999909,0.0
CA,California,Lassen,06035,2.0,10.1,5.05,2.0,10.1,5.05,0.0,0.0
CA,California,Los Angeles,06037,151.0,1496.9,9.913245033112583,147.0,1703.2,11.58639455782313,-206.29999999999995,4.0
CA,California,Madera,06039,16.0,119.3,7.45625,17.0,120.3,7.076470588235294,-1.0,-1.0
CA,California,Marin,06041,4.0,4.0,1.0,4.0,4.0,1.0,0.0,0.0
CA,California,Merced,06047,16.0,350.5,21.90625,16.0,352.5,22.03125,-2.0,0.0
CA,California,Monterey,06053,5.0,11.6,2.32,7.0,291.6,41.65714285714286,-280.0,-2.0
CA,California,Napa,06055,6.0,6.1,1.0166666666666666,7.0,7.5,1.0714285714285714,-1.4000000000000004,-1.0
CA,California,Orange,06059,14.0,34.8,2.4857142857142853,10.0,33.5,3.35,1.2999999999999972,4.0
CA,California,Placer,06061,1.0,3.0,3.0,2.0,4.0,2.0,-1.0,-1.0
CA,California,Riverside,06065,104.0,4739.2,45.56923076923077,101.0,4735.2,46.88316831683168,4.0,3.0
CA,California,Sacramento,06067,51.0,332.6,6.521568627450981,48.0,327.0,6.8125,5.600000000000023,3.0
CA,California,San Benito,06069,5.0,148.4,29.68,5.0,148.4,29.68,0.0,0.0
CA,California,San Bernardino,06071,94.0,2385.2000000000003,25.374468085106386,92.0,2370.8,25.769565217391307,14.400000000000091,2.0
CA,California,San Diego,06073,37.0,164.6,4.448648648648648,31.0,114.5,3.693548387096774,50.099999999999994,6.0
CA,California,San Francisco,06075,1.0,4.5,4.5,1.0,4.5,4.5,0.0,0.0
CA,California,San Joaquin,06077,13.0,25.2,1.9384615384615385,13.0,25.2,1.9384615384615385,0.0,0.0
CA,California,San Luis Obispo,06079,22.0,1133.0,51.5,18.0,851.2,47.28888888888889,281.79999999999995,4.0
CA,California,San Mateo,06081,4.0,4.2,1.05,2.0,3.0999999999999996,1.5499999999999998,1.1000000000000005,2.0
CA,California,Santa Barbara,06083,4.0,68.7,17.175,4.0,68.7,17.175,0.0,0.0
CA,California,Santa Clara,06085,11.0,33.5,3.0454545454545454,10.0,32.9,3.29,0.6000000000000014,1.0
CA,California,Santa Cruz,06087,3.0,4.4,1.4666666666666668,2.0,4.2,2.1,0.20000000000000018,1.0
CA,California,Shasta,06089,2.0,3.0,1.5,2.0,3.0,1.5,0.0,0.0
CA,California,Solano,06095,10.0,25.0,2.5,11.0,27.7,2.518181818181818,-2.6999999999999993,-1.0
CA,California,Sonoma,06097,12.0,16.1,1.3416666666666668,12.0,17.7,1.4749999999999999,-1.5999999999999979,0.0
CA,California,Stanislaus,06099,8.0,299.1,37.3875,6.0,297.5,49.583333333333336,1.6000000000000227,2.0
CA,California,Sutter,06101,,,,1.0,1.3,1.3,-1.3,-1.0
CA,California,Tehama,06103,1.0,8.4,8.4,1.0,8.4,8.4,0.0,0.0
CA,California,Tulare,06107,70.0,389.59999999999997,5.565714285714285,60.0,539.4,8.99,-149.8,10.0
CA,California,Tuolumne,06109,2.0,5.1,2.55,2.0,5.1,2.55,0.0,0.0
CA,California,Ventura,06111,6.0,16.5,2.75,7.0,18.1,2.585714285714286,-1.6000000000000014,-1.0
CA,California,Yolo,06113,10.0,28.8,2.88,9.0,25.8,2.8666666666666667,3.0,1.0
CA,California,,,,,,1.0,1.8,1.8,-1.8,-1.0
CO,Colorado,Adams,08001,31.0,157.5,5.080645161290323,24.0,128.4,5.3500000000000005,29.099999999999994,7.0
CO,Colorado,Alamosa,08003,10.0,148.9,14.89,10.0,148.9,14.89,0.0,0.0
CO,Colorado,Arapahoe,08005,13.0,145.7,11.207692307692307,13.0,145.7,11.207692307692307,0.0,0.0
CO,Colorado,Baca,08009,1.0,4.0,4.0,1.0,4.0,4.0,0.0,0.0
CO,Colorado,Boulder,08013,4.0,11.7,2.925,4.0,11.7,2.925,0.0,0.0
CO,Colorado,Chaffee,08015,3.0,5.0,1.6666666666666667,3.0,5.0,1.6666666666666667,0.0,0.0
CO,Colorado,Conejos,08021,2.0,2.7,1.35,2.0,2.7,1.35,0.0,0.0
CO,Colorado,Crowley,08025,1.0,2.0,2.0,1.0,2.0,2.0,0.0,0.0
CO,Colorado,Denver,08031,3.0,6.8,2.2666666666666666,10.0,35.9,3.59,-29.099999999999998,-7.0
CO,Colorado,El Paso,08041,7.0,289.5,41.357142857142854,7.0,289.5,41.357142857142854,0.0,0.0
CO,Colorado,Fremont,08043,1.0,1.8,1.8,1.0,1.8,1.8,0.0,0.0
CO,Colorado,Garfield,08045,9.0,15.0,1.6666666666666667,9.0,25.7,2.8555555555555556,-10.7,0.0
CO,Colorado,Grand,08049,1.0,1.0,1.0,1.0,1.0,1.0,0.0,0.0
CO,Colorado,Jackson,08057,1.0,1.0,1.0,1.0,1.0,1.0,0.0,0.0
CO,Colorado,Jefferson,08059,2.0,2.7,1.35,2.0,2.7,1.35,0.0,0.0
CO,Colorado,La Plata,08067,1.0,1.7,1.7,1.0,1.7,1.7,0.0,0.0
CO,Colorado,Larimer,08069,5.0,58.4,11.68,5.0,58.4,11.68,0.0,0.0
CO,Colorado,Las Animas,08071,2.0,170.0,85.0,2.0,170.0,85.0,0.0,0.0
CO,Colorado,Logan,08075,9.0,19.1,2.1222222222222222,9.0,19.1,2.1222222222222222,0.0,0.0
CO,Colorado,Mesa,08077,5.0,8.1,1.6199999999999999,5.0,8.1,1.6199999999999999,0.0,0.0
CO,Colorado,Moffat,08081,1.0,4.0,4.0,1.0,4.0,4.0,0.0,0.0
CO,Colorado,Montezuma,08083,3.0,9.2,3.0666666666666664,3.0,9.2,3.0666666666666664,0.0,0.0
CO,Colorado,Montrose,08085,2.0,8.8,4.4,2.0,8.8,4.4,0.0,0.0
CO,Colorado,Morgan,08087,4.0,6.5,1.625,4.0,6.5,1.625,0.0,0.0
CO,Colorado,Otero,08089,1.0,1.5,1.5,1.0,1.5,1.5,0.0,0.0
CO,Colorado,Pitkin,08097,1.0,5.0,5.0,1.0,5.0,5.0,0.0,0.0
CO,Colorado,Pueblo,08101,9.0,1149.8,127.75555555555555,9.0,1149.8,127.75555555555555,0.0,0.0
CO,Colorado,Rio Blanco,08103,1.0,4.0,4.0,1.0,4.0,4.0,0.0,0.0
CO,Colorado,Rio Grande,08105,1.0,1.6,1.6,1.0,1.6,1.6,0.0,0.0
CO,Colorado,Saguache,08109,1.0,2.7,2.7,1.0,2.7,2.7,0.0,0.0
CO,Colorado,Weld,08123,31.0,125.5,4.048387096774194,34.0,140.5,4.132352941176471,-15.0,-3.0
CT,Connecticut,Capitol,09110,,,,30.0,113.1,3.77,-113.1,-30.0
CT,Connecticut,Fairfield,,4.0,3.9000000000000004,0.9750000000000001,,,,3.9000000000000004,4.0
CT,Connecticut,Greater Bridgeport,09120,,,,1.0,2.2,2.2,-2.2,-1.0
CT,Connecticut,Hartford,,23.0,101.7,4.421739130434783,,,,101.7,23.0
CT,Connecticut,Litchfield,,10.0,17.5,1.75,,,,17.5,10.0
CT,Connecticut,Lower Connecticut River Valley,09130,,,,4.0,5.5,1.375,-5.5,-4.0
CT,Connecticut,Middlesex,,4.0,5.5,1.375,,,,5.5,4.0
CT,Connecticut,Naugatuck Valley,09140,,,,5.0,10.4,2.08,-10.4,-5.0
CT,Connecticut,New Haven,,9.0,28.500000000000004,3.166666666666667,,,,28.500000000000004,9.0
CT,Connecticut,New London,,18.0,71.8,3.988888888888889,,,,71.8,18.0
CT,Connecticut,Northeastern Connecticut,09150,,,,8.0,78.1,9.7625,-78.1,-8.0
CT,Connecticut,Northwest Hills,09160,,,,8.0,18.0,2.25,-18.0,-8.0
CT,Connecticut,South Central Connecticut,09170,,,,6.0,22.3,3.716666666666667,-22.3,-6.0
CT,Connecticut,Southeastern Connecticut,09180,,,,18.0,71.8,3.988888888888889,-71.8,-18.0
CT,Connecticut,Tolland,,9.0,15.8,1.7555555555555555,,,,15.8,9.0
CT,Connecticut,Windham,,8.0,78.1,9.7625,,,,78.1,8.0
DC,District of Columbia,District of Columbia,11001,15.0,29.2,1.9466666666666665,12.0,26.1,2.1750000000000003,3.099999999999998,3.0
DE,Delaware,Kent,10001,5.0,25.7,5.14,5.0,25.7,5.14,0.0,0.0
DE,Delaware,New Castle,10003,7.0,57.6,8.22857142857143,6.0,57.1,9.516666666666667,0.5,1.0
DE,Delaware,Sussex,10005,5.0,14.0,2.8,5.0,14.0,2.8,0.0,0.0
FL,Florida,Alachua,12001,6.0,154.2,25.7,6.0,154.20000000000002,25.700000000000003,-2.842170943040401e-14,0.0
FL,Florida,Baker,12003,4.0,298.0,74.5,4.0,298.0,74.5,0.0,0.0
FL,Florida,Bay,12005,4.0,299.20000000000005,74.80000000000001,5.0,373.70000000000005,74.74000000000001,-74.5,-1.0
FL,Florida,Brevard,12009,5.0,308.0,61.6,5.0,308.0,61.6,0.0,0.0
FL,Florida,Broward,12011,1.0,1.1,1.1,1.0,1.1,1.1,0.0,0.0
FL,Florida,Calhoun,12013,4.0,298.0,74.5,4.0,298.0,74.5,0.0,0.0
FL,Florida,Charlotte,12015,2.0,149.0,74.5,2.0,149.0,74.5,0.0,0.0
FL,Florida,Citrus,12017,1.0,74.9,74.9,1.0,74.9,74.9,0.0,0.0
FL,Florida,Clay,12019,3.0,223.5,74.5,3.0,223.5,74.5,0.0,0.0
FL,Florida,Collier,12021,1.0,74.5,74.5,1.0,74.5,74.5,0.0,0.0
FL,Florida,Columbia,12023,4.0,298.8,74.7,4.0,298.8,74.7,0.0,0.0
FL,Florida,DeSoto,12027,6.0,397.5,66.25,8.0,546.5,68.3125,-149.0,-2.0
FL,Florida,Desoto,,1.0,74.5,74.5,,,,74.5,1.0
FL,Florida,Duval,12031,7.0,38.1,5.442857142857143,7.0,38.1,5.442857142857143,0.0,0.0
FL,Florida,Escambia,12033,5.0,348.0,69.6,4.0,273.5,68.375,74.5,1.0
FL,Florida,Gadsden,12039,2.0,149.0,74.5,2.0,149.0,74.5,0.0,0.0
FL,Florida,Gilchrist,12041,3.0,224.3,74.76666666666667,4.0,298.8,74.7,-74.5,-1.0
FL,Florida,Hamilton,12047,2.0,149.8,74.9,2.0,149.8,74.9,0.0,0.0
FL,Florida,Hardee,12049,2.0,149.8,74.9,2.0,149.8,74.9,0.0,0.0
FL,Florida,Hendry,12051,8.0,596.0,74.5,8.0,596.0,74.5,0.0,0.0
FL,Florida,Highlands,12055,1.0,45.0,45.0,1.0,45.0,45.0,0.0,0.0
FL,Florida,Hillsborough,12057,16.0,668.4,41.775,16.0,668.4,41.775,0.0,0.0
FL,Florida,Indian River,12061,5.0,372.5,74.5,5.0,372.5,74.5,0.0,0.0
FL,Florida,Jackson,12063,3.0,223.5,74.5,3.0,223.5,74.5,0.0,0.0
FL,Florida,Lake,12069,2.0,4.0,2.0,3.0,78.9,26.3,-74.9,-1.0
FL,Florida,Leon,12073,2.0,62.0,31.0,2.0,62.0,31.0,0.0,0.0
FL,Florida,Levy,12075,1.0,74.9,74.9,1.0,74.9,74.9,0.0,0.0
FL,Florida,Madison,12079,2.0,149.4,74.7,3.0,223.9,74.63333333333334,-74.5,-1.0
FL,Florida,Manatee,12081,7.0,521.5,74.5,7.0,521.5,74.5,0.0,0.0
FL,Florida,Martin,12085,3.0,223.5,74.5,4.0,298.5,74.625,-75.0,-1.0
FL,Florida,Miami Dade,,4.0,151.2,37.8,,,,151.2,4.0
FL,Florida,Miami-Dade,12086,,,,4.0,151.2,37.8,-151.2,-4.0
FL,Florida,Nassau,12089,1.0,74.5,74.5,1.0,74.5,74.5,0.0,0.0
FL,Florida,Okaloosa,12091,3.0,179.0,59.666666666666664,3.0,179.0,59.666666666666664,0.0,0.0
FL,Florida,Okeechobee,12093,5.0,372.5,74.5,7.0,447.0,63.857142857142854,-74.5,-2.0
FL,Florida,Orange,12095,7.0,147.3,21.042857142857144,7.0,147.3,21.042857142857144,0.0,0.0
FL,Florida,Osceola,12097,4.0,227.3,56.825,4.0,227.3,56.825,0.0,0.0
FL,Florida,Palm Beach,12099,3.0,223.5,74.5,3.0,223.5,74.5,0.0,0.0
FL,Florida,Pasco,12101,2.0,124.6,62.3,2.0,124.6,62.3,0.0,0.0
FL,Florida,Pinellas,12103,2.0,2.7,1.35,2.0,2.9,1.45,-0.19999999999999973,0.0
FL,Florida,Polk,12105,15.0,579.7,38.64666666666667,15.0,579.7,38.64666666666667,0.0,0.0
FL,Florida,Putnam,12107,7.0,521.9,74.55714285714285,4.0,298.0,74.5,223.89999999999998,3.0
FL,Florida,Santa Rosa,12113,3.0,189.0,63.0,4.0,263.5,65.875,-74.5,-1.0
FL,Florida,Seminole,12117,1.0,1.5,1.5,1.0,1.5,1.5,0.0,0.0
FL,Florida,St Johns,,1.0,74.5,74.5,,,,74.5,1.0
FL,Florida,St Lucie,,9.0,670.5,74.5,,,,670.5,9.0
FL,Florida,St. Johns,12109,,,,1.0,74.5,74.5,-74.5,-1.0
FL,Florida,St. Lucie,12111,,,,7.0,521.5,74.5,-521.5,-7.0
FL,Florida,Suwannee,12121,4.0,233.10000000000002,58.275000000000006,3.0,158.20000000000002,52.73333333333334,74.9,1.0
FL,Florida,Taylor,12123,1.0,5.1,5.1,2.0,80.0,40.0,-74.9,-1.0
FL,Florida,Union,12125,1.0,74.5,74.5,1.0,74.5,74.5,0.0,0.0
FL,Florida,Volusia,12127,3.0,150.6,50.199999999999996,3.0,150.6,50.199999999999996,0.0,0.0
FL,Florida,Walton,12131,3.0,223.5,74.5,3.0,223.5,74.5,0.0,0.0
FL,Florida,Washington,12133,1.0,74.5,74.5,,,,74.5,1.0
GA,Georgia,Appling,13001,1.0,25.0,25.0,1.0,25.0,25.0,0.0,0.0
GA,Georgia,Barrow,13013,1.0,2.0,2.0,1.0,2.0,2.0,0.0,0.0
GA,Georgia,Bartow,13015,1.0,2.6,2.6,1.0,2.6,2.6,0.0,0.0
GA,Georgia,Bibb,13021,2.0,130.3,65.15,3.0,131.3,43.76666666666667,-1.0,-1.0
GA,Georgia,Bleckley,13023,2.0,4.3,2.15,2.0,4.3,2.15,0.0,0.0
GA,Georgia,Brooks,13027,2.0,300.0,150.0,2.0,300.0,150.0,0.0,0.0
GA,Georgia,Bryan,13029,1.0,1.9,1.9,1.0,1.9,1.9,0.0,0.0
GA,Georgia,Bulloch,13031,5.0,14.6,2.92,5.0,14.6,2.92,0.0,0.0
GA,Georgia,Burke,13033,5.0,190.9,38.18,5.0,190.9,38.18,0.0,0.0
GA,Georgia,Calhoun,13037,,,,1.0,80.0,80.0,-80.0,-1.0
GA,Georgia,Camden,13039,1.0,30.0,30.0,1.0,30.0,30.0,0.0,0.0
GA,Georgia,Candler,13043,1.0,51.0,51.0,1.0,51.0,51.0,0.0,0.0
GA,Georgia,Charlton,13049,1.0,2.1,2.1,1.0,2.1,2.1,0.0,0.0
GA,Georgia,Chatham,13051,2.0,2.2,1.1,2.0,2.2,1.1,0.0,0.0
GA,Georgia,Chattooga,13055,1.0,2.4,2.4,1.0,2.4,2.4,0.0,0.0
GA,Georgia,Clay,13061,1.0,106.0,106.0,1.0,106.0,106.0,0.0,0.0
GA,Georgia,Cobb,13067,1.0,1.5,1.5,1.0,1.5,1.5,0.0,0.0
GA,Georgia,Colquitt,13071,2.0,21.4,10.7,2.0,21.4,10.7,0.0,0.0
GA,Georgia,Columbia,13073,2.0,3.4,1.7,2.0,3.4,1.7,0.0,0.0
GA,Georgia,Cook,13075,,,,1.0,1.0,1.0,-1.0,-1.0
GA,Georgia,DeKalb,13089,1.0,0.6,0.6,1.0,1.0,1.0,-0.4,0.0
GA,Georgia,Decatur,13087,6.0,517.0,86.16666666666667,6.0,517.0,86.16666666666667,0.0,0.0
GA,Georgia,Dougherty,13095,2.0,151.0,75.5,2.0,151.0,75.5,0.0,0.0
GA,Georgia,Douglas,13097,1.0,3.0,3.0,1.0,3.0,3.0,0.0,0.0
GA,Georgia,Early,13099,4.0,194.0,48.5,4.0,193.5,48.375,0.5,0.0
GA,Georgia,Effingham,13103,3.0,32.0,10.666666666666666,3.0,32.0,10.666666666666666,0.0,0.0
GA,Georgia,Elbert,13105,1.0,40.0,40.0,1.0,40.0,40.0,0.0,0.0
GA,Georgia,Emanuel,13107,1.0,2.9,2.9,1.0,2.9,2.9,0.0,0.0
GA,Georgia,Franklin,13119,1.0,3.0,3.0,1.0,3.0,3.0,0.0,0.0
GA,Georgia,Fulton,13121,3.0,1.0,0.3333333333333333,,,,1.0,3.0
GA,Georgia,Glynn,13127,1.0,18.0,18.0,1.0,18.0,18.0,0.0,0.0
GA,Georgia,Gordon,13129,2.0,5.4,2.7,2.0,5.4,2.7,0.0,0.0
GA,Georgia,Grady,13131,1.0,2.0,2.0,1.0,2.0,2.0,0.0,0.0
GA,Georgia,Greene,13133,1.0,3.0,3.0,1.0,3.0,3.0,0.0,0.0
GA,Georgia,Harris,13145,2.0,4.4,2.2,1.0,2.1,2.1,2.3000000000000003,1.0
GA,Georgia,Houston,13153,1.0,68.0,68.0,1.0,68.0,68.0,0.0,0.0
GA,Georgia,Jeff Davis,13161,6.0,412.5,68.75,6.0,412.0,68.66666666666667,0.5,0.0
GA,Georgia,Jefferson,13163,1.0,1.0,1.0,1.0,1.0,1.0,0.0,0.0
GA,Georgia,Jenkins,13165,1.0,19.7,19.7,1.0,19.7,19.7,0.0,0.0
GA,Georgia,Lanier,13173,2.0,1.8,0.9,,,,1.8,2.0
GA,Georgia,Laurens,13175,1.0,4.1,4.1,1.0,4.1,4.1,0.0,0.0
GA,Georgia,Lee,13177,3.0,290.0,96.66666666666667,3.0,290.0,96.66666666666667,0.0,0.0
GA,Georgia,Liberty,13179,1.0,30.0,30.0,1.0,30.0,30.0,0.0,0.0
GA,Georgia,Lowndes,13185,6.0,58.3,9.716666666666667,6.0,58.3,9.716666666666667,0.0,0.0
GA,Georgia,Macon,13193,1.0,80.0,80.0,1.0,80.0,80.0,0.0,0.0
GA,Georgia,Madison,13195,1.0,2.0,2.0,1.0,2.0,2.0,0.0,0.0
GA,Georgia,Meriwether,13199,3.0,6.4,2.1333333333333333,4.0,8.7,2.175,-2.299999999999999,-1.0
GA,Georgia,Mitchell,13205,4.0,440.4,110.1,4.0,440.4,110.1,0.0,0.0
GA,Georgia,Montgomery,13209,2.0,330.0,165.0,1.0,80.0,80.0,250.0,1.0
GA,Georgia,Murray,13213,2.0,9.5,4.75,1.0,3.0,3.0,6.5,1.0
GA,Georgia,Muscogee,13215,1.0,1.5,1.5,1.0,1.5,1.5,0.0,0.0
GA,Georgia,Oglethorpe,13221,1.0,38.0,38.0,1.0,38.0,38.0,0.0,0.0
GA,Georgia,Peach,13225,1.0,10.8,10.8,1.0,10.8,10.8,0.0,0.0
GA,Georgia,Pierce,13229,1.0,1.9,1.9,1.0,1.9,1.9,0.0,0.0
GA,Georgia,Polk,13233,4.0,10.2,2.55,4.0,10.2,2.55,0.0,0.0
GA,Georgia,Putnam,13237,3.0,6.6,2.1999999999999997,3.0,6.6,2.1999999999999997,0.0,0.0
GA,Georgia,Randolph,13243,1.0,80.0,80.0,,,,80.0,1.0
GA,Georgia,Richland,,1.0,1.0,1.0,,,,1.0,1.0
GA,Georgia,Richmond,13245,4.0,37.8,9.45,4.0,37.8,9.45,0.0,0.0
GA,Georgia,Saminole,,1.0,1.6,1.6,,,,1.6,1.0
GA,Georgia,Seminole,13253,,,,1.0,1.6,1.6,-1.6,-1.0
GA,Georgia,Stewart,13259,1.0,100.0,100.0,2.0,101.0,50.5,-1.0,-1.0
GA,Georgia,Sumter,13261,2.0,3.2,1.6,2.0,3.2,1.6,0.0,0.0
GA,Georgia,Tattnall,13267,2.0,4.1,2.05,2.0,4.1,2.05,0.0,0.0
GA,Georgia,Taylor,13269,5.0,405.7,81.14,5.0,405.7,81.14,0.0,0.0
GA,Georgia,Telfair,13271,1.0,1.9,1.9,1.0,1.9,1.9,0.0,0.0
GA,Georgia,Terrell,13273,3.0,77.6,25.866666666666664,3.0,77.6,25.866666666666664,0.0,0.0
GA,Georgia,Thomas,13275,1.0,1.4,1.4,1.0,1.4,1.4,0.0,0.0
GA,Georgia,Tift,13277,3.0,7.8,2.6,3.0,7.8,2.6,0.0,0.0
GA,Georgia,Toombs,13279,,,,1.0,250.0,250.0,-250.0,-1.0
GA,Georgia,Troup,13285,2.0,3.8,1.9,2.0,3.8,1.9,0.0,0.0
GA,Georgia,Twiggs,13289,2.0,224.0,112.0,2.0,224.0,112.0,0.0,0.0
GA,Georgia,Upson,13293,2.0,3.8,1.9,1.0,3.0,3.0,0.7999999999999998,1.0
GA,Georgia,Walton,13297,4.0,36.5,9.125,4.0,36.5,9.125,0.0,0.0
GA,Georgia,Ware,13299,3.0,84.9,28.3,3.0,84.9,28.3,0.0,0.0
GA,Georgia,Warren,13301,1.0,80.0,80.0,1.0,80.0,80.0,0.0,0.0
GA,Georgia,Washington,13303,2.0,157.7,78.85,2.0,157.7,78.85,0.0,0.0
GA,Georgia,Wayne,13305,1.0,2.6,2.6,1.0,2.6,2.6,0.0,0.0
GA,Georgia,Whitfield,13313,1.0,1.1,1.1,2.0,7.6,3.8,-6.5,-1.0
GA,Georgia,Wilkinson,13319,2.0,5.3,2.65,2.0,5.3,2.65,0.0,0.0
HI,Hawaii,Hawaii,15001,2.0,30.8,15.4,1.0,30.0,30.0,0.8000000000000007,1.0
HI,Hawaii,Honolulu,15003,30.0,289.4,9.646666666666667,18.0,324.9,18.049999999999997,-35.5,12.0
HI,Hawaii,Kauai,15007,7.0,80.0,11.428571428571429,7.0,80.0,11.428571428571429,0.0,0.0
HI,Hawaii,Maui,15009,15.0,67.0,4.466666666666667,3.0,65.8,21.933333333333334,1.2000000000000028,12.0
IA,Iowa,Adair,19001,1.0,25.0,25.0,1.0,25.0,25.0,0.0,0.0
IA,Iowa,Black Hawk,19013,2.0,4.5,2.25,2.0,4.5,2.25,0.0,0.0
IA,Iowa,Boone,19015,1.0,1.0,1.0,1.0,1.0,1.0,0.0,0.0
IA,Iowa,Clayton,19043,1.0,1.3,1.3,1.0,1.3,1.3,0.0,0.0
IA,Iowa,Dallas,19049,1.0,1.0,1.0,1.0,1.0,1.0,0.0,0.0
IA,Iowa,Davis,19051,1.0,1.6,1.6,1.0,1.6,1.6,0.0,0.0
IA,Iowa,Dubuque,19061,1.0,3.8,3.8,1.0,3.8,3.8,0.0,0.0
IA,Iowa,Franklin,19069,1.0,7.0,7.0,1.0,7.0,7.0,0.0,0.0
IA,Iowa,Johnson,19103,1.0,3.0,3.0,1.0,3.0,3.0,0.0,0.0
IA,Iowa,Lee,19111,1.0,150.0,150.0,1.0,150.0,150.0,0.0,0.0
IA,Iowa,Linn,19113,3.0,204.5,68.16666666666667,3.0,204.5,68.16666666666667,0.0,0.0
IA,Iowa,Louisa,19115,1.0,100.0,100.0,1.0,100.0,100.0,0.0,0.0
IA,Iowa,Lucas,19117,1.0,2.3,2.3,1.0,2.3,2.3,0.0,0.0
IA,Iowa,Marshall,19127,1.0,2.6,2.6,1.0,2.6,2.6,0.0,0.0
IA,Iowa,Mitchell,19131,2.0,2.3,1.15,1.0,1.5,1.5,0.7999999999999998,1.0
IA,Iowa,Muscatine,19139,1.0,1.8,1.8,1.0,1.8,1.8,0.0,0.0
IA,Iowa,Poweshiek,19157,1.0,3.9,3.9,1.0,3.9,3.9,0.0,0.0
IA,Iowa,Story,19169,2.0,3.4,1.7,2.0,3.4,1.7,0.0,0.0
IA,Iowa,Union,19175,1.0,50.0,50.0,1.0,50.0,50.0,0.0,0.0
IA,Iowa,Webster,19187,1.0,100.0,100.0,1.0,100.0,100.0,0.0,0.0
IA,Iowa,Winnebago,19189,1.0,3.0,3.0,1.0,3.0,3.0,0.0,0.0
IA,Iowa,Winneshiek,19191,1.0,1.5,1.5,1.0,1.5,1.5,0.0,0.0
IA,Iowa,Woodbury,19193,1.0,4.0,4.0,1.0,4.0,4.0,0.0,0.0
ID,Idaho,Ada,16001,2.0,60.0,30.0,2.0,60.0,30.0,0.0,0.0
ID,Idaho,Elmore,16039,5.0,160.0,32.0,5.0,160.0,32.0,0.0,0.0
ID,Idaho,Owyhee,16073,1.0,20.0,20.0,1.0,20.0,20.0,0.0,0.0
ID,Idaho,Power,16077,2.0,40.0,20.0,2.0,40.0,20.0,0.0,0.0
ID,Idaho,Twin Falls,16083,3.0,221.6,73.86666666666666,3.0,222.0,74.0,-0.4000000000000057,0.0
IL,Illinois,Adams,17001,1.0,1.5,1.5,1.0,1.5,1.5,0.0,0.0
IL,Illinois,Boone,17007,2.0,4.0,2.0,2.0,4.0,2.0,0.0,0.0
IL,Illinois,Bureau,17011,1.0,20.0,20.0,,,,20.0,1.0
IL,Illinois,Carroll,17015,1.0,1.5,1.5,1.0,1.5,1.5,0.0,0.0
IL,Illinois,Cass,17017,1.0,150.0,150.0,1.0,150.0,150.0,0.0,0.0
IL,Illinois,Champaign,17019,9.0,26.2,2.911111111111111,7.0,24.1,3.442857142857143,2.099999999999998,2.0
IL,Illinois,Christian,17021,2.0,6.5,3.25,2.0,6.5,3.25,0.0,0.0
IL,Illinois,Clark,17023,1.0,165.3,165.3,1.0,165.3,165.3,0.0,0.0
IL,Illinois,Clay,17025,2.0,252.0,126.0,2.0,252.0,126.0,0.0,0.0
IL,Illinois,Clinton,17027,5.0,10.0,2.0,5.0,10.0,2.0,0.0,0.0
IL,Illinois,Coles,17029,1.0,200.0,200.0,1.0,200.0,200.0,0.0,0.0
IL,Illinois,Cook,17031,10.0,23.9,2.3899999999999997,10.0,23.900000000000002,2.39,-3.552713678800501e-15,0.0
IL,Illinois,DeKalb,17037,9.0,18.0,2.0,11.0,22.0,2.0,-4.0,-2.0
IL,Illinois,Dekalb,,2.0,4.0,2.0,,,,4.0,2.0
IL,Illinois,DuPage,17043,1.0,1.0,1.0,,,,1.0,1.0
IL,Illinois,Fayette,17051,2.0,100.8,50.4,2.0,100.8,50.4,0.0,0.0
IL,Illinois,Franklin,17055,1.0,2.0,2.0,1.0,2.0,2.0,0.0,0.0
IL,Illinois,Fulton,17057,1.0,2.0,2.0,,,,2.0,1.0
IL,Illinois,Grundy,17063,3.0,4.9,1.6333333333333335,1.0,2.0,2.0,2.9000000000000004,2.0
IL,Illinois,Henderson,17071,1.0,1.4,1.4,1.0,1.4,1.4,0.0,0.0
IL,Illinois,Henry,17073,1.0,1.2,1.2,1.0,1.2,1.2,0.0,0.0
IL,Illinois,Iroquois,17075,1.0,2.0,2.0,1.0,2.0,2.0,0.0,0.0
IL,Illinois,Jefferson,17081,1.0,2.0,2.0,1.0,2.0,2.0,0.0,0.0
IL,Illinois,Jersey,17083,1.0,110.0,110.0,1.0,110.0,110.0,0.0,0.0
IL,Illinois,Jo Daviess,17085,3.0,5.0,1.6666666666666667,3.0,5.0,1.6666666666666667,0.0,0.0
IL,Illinois,Kane,17089,3.0,6.0,2.0,4.0,7.3,1.825,-1.2999999999999998,-1.0
IL,Illinois,Kankakee,17091,12.0,23.2,1.9333333333333333,13.0,25.2,1.9384615384615385,-2.0,-1.0
IL,Illinois,Kendall,17093,1.0,2.0,2.0,1.0,2.0,2.0,0.0,0.0
IL,Illinois,Knox,17095,5.0,10.0,2.0,4.0,8.0,2.0,2.0,1.0
IL,Illinois,LaSalle,17099,6.0,30.0,5.0,6.0,30.0,5.0,0.0,0.0
IL,Illinois,Livingston,17105,3.0,9.0,3.0,3.0,9.0,3.0,0.0,0.0
IL,Illinois,Logan,17107,1.0,70.0,70.0,1.0,70.0,70.0,0.0,0.0
IL,Illinois,Macoupin,17117,2.0,4.0,2.0,2.0,4.0,2.0,0.0,0.0
IL,Illinois,Madison,17119,2.0,4.0,2.0,2.0,4.0,2.0,0.0,0.0
IL,Illinois,Marion,17121,1.0,2.0,2.0,1.0,2.0,2.0,0.0,0.0
IL,Illinois,Marshall,17123,1.0,2.0,2.0,1.0,2.0,2.0,0.0,0.0
IL,Illinois,McDonough,17109,4.0,8.0,2.0,4.0,8.0,2.0,0.0,0.0
IL,Illinois,McHenry,17111,16.0,28.7,1.79375,15.0,27.4,1.8266666666666667,1.3000000000000007,1.0
IL,Illinois,McLean,17113,3.0,4.2,1.4000000000000001,3.0,6.0,2.0,-1.7999999999999998,0.0
IL,Illinois,Montgomery,17135,1.0,44.2,44.2,,,,44.2,1.0
IL,Illinois,Morgan,17137,6.0,178.0,29.666666666666668,6.0,178.0,29.666666666666668,0.0,0.0
IL,Illinois,Ogle,17141,4.0,6.3,1.575,5.0,9.5,1.9,-3.2,-1.0
IL,Illinois,Peoria,17143,3.0,6.0,2.0,4.0,8.0,2.0,-2.0,-1.0
IL,Illinois,Perry,17145,2.0,149.0,74.5,2.0,149.0,74.5,0.0,0.0
IL,Illinois,Putnam,17155,2.0,4.0,2.0,2.0,22.0,11.0,-18.0,0.0
IL,Illinois,Randolph,17157,3.0,72.4,24.133333333333336,3.0,72.4,24.133333333333336,0.0,0.0
IL,Illinois,Richland,17159,1.0,2.0,2.0,1.0,2.0,2.0,0.0,0.0
IL,Illinois,Sangamon,17167,1.0,592.8,592.8,1.0,592.8,592.8,0.0,0.0
IL,Illinois,St Clair,,4.0,15.700000000000001,3.9250000000000003,,,,15.700000000000001,4.0
IL,Illinois,St. Clair,17163,,,,4.0,15.700000000000001,3.9250000000000003,-15.700000000000001,-4.0
IL,Illinois,Stephenson,17177,19.0,139.0,7.315789473684211,18.0,137.0,7.611111111111111,2.0,1.0
IL,Illinois,Tazewell,17179,1.0,2.0,2.0,1.0,2.0,2.0,0.0,0.0
IL,Illinois,Vermilion,17183,4.0,7.6,1.9,4.0,7.6,1.9,0.0,0.0
IL,Illinois,Warren,17187,1.0,35.0,35.0,1.0,35.0,35.0,0.0,0.0
IL,Illinois,White,17193,2.0,299.0,149.5,2.0,299.0,149.5,0.0,0.0
IL,Illinois,Whiteside,17195,13.0,28.0,2.1538461538461537,12.0,26.0,2.1666666666666665,2.0,1.0
IL,Illinois,Will,17197,13.0,25.4,1.9538461538461538,15.0,31.3,2.086666666666667,-5.900000000000002,-2.0
IL,Illinois,Williamson,17199,5.0,9.3,1.86,7.0,55.5,7.928571428571429,-46.2,-2.0
IL,Illinois,Winnebago,17201,10.0,19.6,1.9600000000000002,11.0,21.6,1.9636363636363638,-2.0,-1.0
IN,Indiana,Cass,18017,1.0,16.0,16.0,1.0,16.0,16.0,0.0,0.0
IN,Indiana,Clark,18019,1.0,1.1,1.1,1.0,1.1,1.1,0.0,0.0
IN,Indiana,Clay,18021,2.0,9.2,4.6,2.0,9.2,4.6,0.0,0.0
IN,Indiana,Clinton,18023,1.0,195.0,195.0,1.0,195.0,195.0,0.0,0.0
IN,Indiana,Daviess,18027,2.0,13.9,6.95,2.0,13.9,6.95,0.0,0.0
IN,Indiana,DeKalb,18033,1.0,1.0,1.0,2.0,12.0,6.0,-11.0,-1.0
IN,Indiana,Decatur,18031,1.0,1.1,1.1,1.0,1.1,1.1,0.0,0.0
IN,Indiana,Dekalb,,1.0,11.0,11.0,,,,11.0,1.0
IN,Indiana,Dubois,18037,1.0,2.0,2.0,1.0,2.0,2.0,0.0,0.0
IN,Indiana,Elkhart,18039,1.0,1.5,1.5,1.0,1.5,1.5,0.0,0.0
IN,Indiana,Grant,18053,3.0,6.8,2.2666666666666666,3.0,6.8,2.2666666666666666,0.0,0.0
IN,Indiana,Greene,18055,2.0,6.5,3.25,2.0,6.5,3.25,0.0,0.0
IN,Indiana,Hamilton,18057,2.0,1.5,0.75,,,,1.5,2.0
IN,Indiana,Hancock,18059,1.0,2.8,2.8,1.0,2.8,2.8,0.0,0.0
IN,Indiana,Harrison,18061,1.0,1.1,1.1,1.0,1.1,1.1,0.0,0.0
IN,Indiana,Hendricks,18063,1.0,7.0,7.0,1.0,7.0,7.0,0.0,0.0
IN,Indiana,Henry,18065,4.0,156.4,39.1,4.0,156.4,39.1,0.0,0.0
IN,Indiana,Howard,18067,1.0,5.4,5.4,1.0,5.4,5.4,0.0,0.0
IN,Indiana,Jackson,18071,1.0,1.1,1.1,1.0,1.1,1.1,0.0,0.0
IN,Indiana,Jasper,18073,3.0,269.8,89.93333333333334,3.0,269.8,89.93333333333334,0.0,0.0
IN,Indiana,Johnson,18081,2.0,3.1,1.55,2.0,3.1,1.55,0.0,0.0
IN,Indiana,Lake,18089,4.0,6.5,1.625,4.0,6.5,1.625,0.0,0.0
IN,Indiana,Lawrence,18093,1.0,1.1,1.1,1.0,1.1,1.1,0.0,0.0
IN,Indiana,Madison,18095,8.0,42.4,5.3,8.0,42.4,5.3,0.0,0.0
IN,Indiana,Marion,18097,18.0,92.2,5.122222222222223,18.0,92.2,5.122222222222223,0.0,0.0
IN,Indiana,Marshall,18099,1.0,6.8,6.8,1.0,6.8,6.8,0.0,0.0
IN,Indiana,Martin,18101,1.0,17.0,17.0,1.0,17.0,17.0,0.0,0.0
IN,Indiana,Miami,18103,3.0,15.4,5.133333333333334,3.0,15.4,5.133333333333334,0.0,0.0
IN,Indiana,Monroe,18105,1.0,1.1,1.1,1.0,1.1,1.1,0.0,0.0
IN,Indiana,Montgomery,18107,5.0,27.8,5.5600000000000005,5.0,27.8,5.5600000000000005,0.0,0.0
IN,Indiana,Perry,18123,2.0,4.300000000000001,2.1500000000000004,2.0,4.300000000000001,2.1500000000000004,0.0,0.0
IN,Indiana,Porter,18127,2.0,2.5,1.25,2.0,2.5,1.25,0.0,0.0
IN,Indiana,Randolph,18135,2.0,300.0,150.0,2.0,300.0,150.0,0.0,0.0
IN,Indiana,Scott,18143,1.0,7.1,7.1,1.0,7.1,7.1,0.0,0.0
IN,Indiana,Spencer,18147,2.0,51.5,25.75,2.0,51.5,25.75,0.0,0.0
IN,Indiana,St Joseph,,5.0,178.7,35.739999999999995,,,,178.7,5.0
IN,Indiana,St. Joseph,18141,,,,5.0,178.7,35.739999999999995,-178.7,-5.0
IN,Indiana,Starke,18149,1.0,400.0,400.0,1.0,400.0,400.0,0.0,0.0
IN,Indiana,Sullivan,18153,1.0,5.2,5.2,1.0,5.2,5.2,0.0,0.0
IN,Indiana,Tippecanoe,18157,1.0,1.6,1.6,1.0,1.6,1.6,0.0,0.0
IN,Indiana,Tipton,18159,1.0,5.3,5.3,1.0,5.3,5.3,0.0,0.0
IN,Indiana,Vanderburgh,18163,2.0,4.0,2.0,2.0,4.0,2.0,0.0,0.0
IN,Indiana,Vigo,18167,1.0,5.2,5.2,1.0,5.2,5.2,0.0,0.0
IN,Indiana,Wayne,18177,9.0,47.9,5.322222222222222,9.0,47.9,5.322222222222222,0.0,0.0
IN,Indiana,White,18181,3.0,550.0,183.33333333333334,3.0,550.0,183.33333333333334,0.0,0.0
IN,Indiana,Whitley,18183,1.0,4.3,4.3,1.0,4.3,4.3,0.0,0.0
KS,Kansas,Butler,20015,2.0,2.0,1.0,2.0,2.0,1.0,0.0,0.0
KS,Kansas,Chautauqua,20019,1.0,1.0,1.0,1.0,1.0,1.0,0.0,0.0
KS,Kansas,Comanche,20033,1.0,2.0,2.0,1.0,2.0,2.0,0.0,0.0
KS,Kansas,Crawford,20037,1.0,1.0,1.0,1.0,1.0,1.0,0.0,0.0
KS,Kansas,Dickinson,20041,1.0,1.0,1.0,1.0,1.0,1.0,0.0,0.0
KS,Kansas,Douglas,20045,1.0,1.3,1.3,1.0,1.3,1.3,0.0,0.0
KS,Kansas,Geary,20061,1.0,1.0,1.0,2.0,2.3,1.15,-1.2999999999999998,-1.0
KS,Kansas,Harvey,20079,1.0,1.0,1.0,1.0,1.0,1.0,0.0,0.0
KS,Kansas,Jefferson,20087,1.0,1.0,1.0,1.0,1.0,1.0,0.0,0.0
KS,Kansas,Kiowa,20097,1.0,1.0,1.0,1.0,1.0,1.0,0.0,0.0
KS,Kansas,Labette,20099,1.0,1.0,1.0,1.0,1.0,1.0,0.0,0.0
KS,Kansas,Lyon,20111,1.0,1.0,1.0,1.0,1.0,1.0,0.0,0.0
KS,Kansas,McPherson,20113,1.0,1.0,1.0,1.0,1.0,1.0,0.0,0.0
KS,Kansas,Miami,20121,1.0,4.9,4.9,1.0,4.9,4.9,0.0,0.0
KS,Kansas,Mitchell,20123,1.0,2.0,2.0,1.0,2.0,2.0,0.0,0.0
KS,Kansas,Neosho,20133,1.0,1.0,1.0,1.0,1.0,1.0,0.0,0.0
KS,Kansas,Osage,20139,1.0,1.8,1.8,1.0,1.8,1.8,0.0,0.0
KS,Kansas,Pottawatomie,20149,1.0,1.0,1.0,1.0,1.0,1.0,0.0,0.0
KS,Kansas,Pratt,20151,2.0,7.0,3.5,2.0,7.0,3.5,0.0,0.0
KS,Kansas,Reno,20155,2.0,2.0,1.0,2.0,2.0,1.0,0.0,0.0
KS,Kansas,Riley,20161,1.0,1.3,1.3,,,,1.3,1.0
KS,Kansas,Sedgwick,20173,2.0,2.0,1.0,2.0,2.0,1.0,0.0,0.0
KS,Kansas,Shawnee,20177,2.0,2.6,1.3,2.0,2.6,1.3,0.0,0.0
KS,Kansas,Stanton,20187,1.0,20.0,20.0,1.0,20.0,20.0,0.0,0.0
KS,Kansas,Thomas,20193,1.0,1.0,1.0,1.0,1.0,1.0,0.0,0.0
KS,Kansas,Wilson,20205,2.0,3.0,1.5,2.0,3.0,1.5,0.0,0.0
KS,Kansas,Wyandotte,20209,1.0,1.0,1.0,1.0,1.0,1.0,0.0,0.0
KY,Kentucky,Boone,21015,2.0,3.1,1.55,1.0,2.0,2.0,1.1,1.0
KY,Kentucky,Clark,21049,1.0,8.5,8.5,1.0,8.5,8.5,0.0,0.0
KY,Kentucky,Garrard,21079,1.0,50.0,50.0,1.0,50.0,50.0,0.0,0.0
KY,Kentucky,Grant,21081,1.0,2.7,2.7,1.0,2.7,2.7,0.0,0.0
KY,Kentucky,Kenton,21117,3.0,5.3,1.7666666666666666,4.0,6.4,1.6,-1.1000000000000005,-1.0
KY,Kentucky,Logan,21141,1.0,173.0,173.0,1.0,173.0,173.0,0.0,0.0
KY,Kentucky,Martin,21159,1.0,111.0,111.0,1.0,111.0,111.0,0.0,0.0
KY,Kentucky,Mercer,21167,1.0,13.0,13.0,1.0,13.0,13.0,0.0,0.0
KY,Kentucky,Metcalfe,21169,1.0,55.0,55.0,1.0,55.0,55.0,0.0,0.0
KY,Kentucky,Shelby,21211,1.0,2.1,2.1,1.0,2.1,2.1,0.0,0.0
KY,Kentucky,Simpson,21213,2.0,6.0,3.0,2.0,6.0,3.0,0.0,0.0
LA,Louisiana,Allen,22003,1.0,142.8,142.8,1.0,142.8,142.8,0.0,0.0
LA,Louisiana,Morehouse,22067,,,,2.0,298.1,149.05,-298.1,-2.0
LA,Louisiana,Morehouse Parish,22067,1.0,98.1,98.1,,,,98.1,1.0
LA,Louisiana,Orleans,22071,4.0,24.5,6.125,4.0,24.5,6.125,0.0,0.0
LA,Louisiana,Pointe Coupee,22077,1.0,300.0,300.0,1.0,300.0,300.0,0.0,0.0
LA,Louisiana,Richland,22083,1.0,200.0,200.0,,,,200.0,1.0
LA,Louisiana,St James,,1.0,20.0,20.0,,,,20.0,1.0
LA,Louisiana,St Landry,,1.0,135.0,135.0,,,,135.0,1.0
LA,Louisiana,St. James,22093,,,,1.0,20.0,20.0,-20.0,-1.0
LA,Louisiana,St. Landry,22097,,,,1.0,135.0,135.0,-135.0,-1.0
LA,Louisiana,Washington,22117,2.0,100.0,50.0,2.0,100.0,50.0,0.0,0.0
LA,Louisiana,West Baton Rouge,22121,1.0,50.0,50.0,1.0,50.0,50.0,0.0,0.0
MA,Massachusetts,Barnstable,25001,17.0,47.4,2.788235294117647,16.0,46.6,2.9125,0.7999999999999972,1.0
MA,Massachusetts,Berkshire,25003,29.0,74.0,2.5517241379310347,29.0,75.5,2.603448275862069,-1.5,0.0
MA,Massachusetts,Bristol,25005,56.0,136.0,2.4285714285714284,57.0,138.7,2.433333333333333,-2.6999999999999886,-1.0
MA,Massachusetts,Dukes,25007,3.0,3.1,1.0333333333333334,3.0,3.1,1.0333333333333334,0.0,0.0
MA,Massachusetts,Essex,25009,20.0,53.0,2.65,21.0,55.9,2.6619047619047618,-2.8999999999999986,-1.0
MA,Massachusetts,Franklin,25011,24.0,61.4,2.558333333333333,23.0,60.4,2.626086956521739,1.0,1.0
MA,Massachusetts,Hampden,25013,59.0,175.6,2.9762711864406777,59.0,175.6,2.9762711864406777,0.0,0.0
MA,Massachusetts,Hampshire,25015,37.0,94.2,2.545945945945946,30.0,88.9,2.9633333333333334,5.299999999999997,7.0
MA,Massachusetts,Middlesex,25017,45.0,105.2,2.3377777777777777,40.0,103.6,2.59,1.6000000000000085,5.0
MA,Massachusetts,Norfolk,25021,25.0,66.2,2.648,22.0,62.5,2.840909090909091,3.700000000000003,3.0
MA,Massachusetts,Plymouth,25023,65.0,168.7,2.5953846153846154,62.0,166.7,2.6887096774193546,2.0,3.0
MA,Massachusetts,Suffolk,25025,5.0,4.8,0.96,2.0,4.0,2.0,0.7999999999999998,3.0
MA,Massachusetts,Worcester,25027,159.0,442.7,2.7842767295597484,160.0,444.0,2.775,-1.3000000000000114,-1.0
MD,Maryland,Allegany,24001,1.0,19.8,19.8,1.0,19.8,19.8,0.0,0.0
MD,Maryland,Anne Arundel,24003,6.0,19.8,3.3000000000000003,5.0,18.0,3.6,1.8000000000000007,1.0
MD,Maryland,Baltimore,24005,16.0,26.7,1.66875,34.0,58.6,1.723529411764706,-31.900000000000002,-18.0
MD,Maryland,Baltimore,24510,16.0,26.7,1.66875,12.0,17.0,1.4166666666666667,9.7,4.0
MD,Maryland,Baltimore City,,6.0,8.3,1.3833333333333335,,,,8.3,6.0
MD,Maryland,Caroline,24011,1.0,0.8,0.8,,,,0.8,1.0
MD,Maryland,Carroll,24013,3.0,16.2,5.3999999999999995,3.0,16.2,5.3999999999999995,0.0,0.0
MD,Maryland,Cecil,24015,5.0,8.7,1.7399999999999998,5.0,8.7,1.7399999999999998,0.0,0.0
MD,Maryland,Charles,24017,3.0,43.3,14.433333333333332,3.0,43.3,14.433333333333332,0.0,0.0
MD,Maryland,Dorchester,24019,4.0,26.7,6.675,4.0,26.7,6.675,0.0,0.0
MD,Maryland,Frederick,24021,7.0,45.699999999999996,6.528571428571428,7.0,45.699999999999996,6.528571428571428,0.0,0.0
MD,Maryland,Garrett,24023,5.0,9.2,1.8399999999999999,5.0,9.2,1.8399999999999999,0.0,0.0
MD,Maryland,Harford,24025,15.0,56.2,3.746666666666667,15.0,56.2,3.746666666666667,0.0,0.0
MD,Maryland,Howard,24027,21.0,39.0,1.8571428571428572,16.0,29.4,1.8375,9.600000000000001,5.0
MD,Maryland,Kent,24029,5.0,11.5,2.3,5.0,11.5,2.3,0.0,0.0
MD,Maryland,Montgomery,24031,11.0,21.0,1.9090909090909092,11.0,21.5,1.9545454545454546,-0.5,0.0
MD,Maryland,Prince George's,24033,,,,26.0,50.8,1.9538461538461538,-50.8,-26.0
MD,Maryland,Prince Georges,,26.0,49.4,1.9,,,,49.4,26.0
MD,Maryland,Prince Geroges,,1.0,3.0,3.0,,,,3.0,1.0
MD,Maryland,Queen Anne's,24035,,,,7.0,102.8,14.685714285714285,-102.8,-7.0
MD,Maryland,Queen Annes,,7.0,102.8,14.685714285714285,,,,102.8,7.0
MD,Maryland,Somerset,24039,3.0,79.8,26.599999999999998,3.0,79.8,26.599999999999998,0.0,0.0
MD,Maryland,Talbot,24041,1.0,1.5,1.5,1.0,1.5,1.5,0.0,0.0
MD,Maryland,Washington,24043,14.0,62.2,4.442857142857143,14.0,62.2,4.442857142857143,0.0,0.0
MD,Maryland,Wicomico,24045,4.0,18.6,4.65,4.0,18.6,4.65,0.0,0.0
MD,Maryland,Worcester,24047,3.0,9.6,3.1999999999999997,3.0,9.6,3.1999999999999997,0.0,0.0
ME,Maine,Androscoggin,23001,10.0,59.1,5.91,8.0,49.1,6.1375,10.0,2.0
ME,Maine,Aroostook,23003,22.0,75.7,3.440909090909091,22.0,75.7,3.440909090909091,0.0,0.0
ME,Maine,Cumberland,23005,10.0,42.8,4.279999999999999,9.0,41.8,4.644444444444444,1.0,1.0
ME,Maine,Franklin,23007,6.0,98.4,16.400000000000002,6.0,98.4,16.400000000000002,0.0,0.0
ME,Maine,Hancock,23009,5.0,23.8,4.76,5.0,23.8,4.76,0.0,0.0
ME,Maine,Kennebec,23011,20.0,78.0,3.9,20.0,187.5,9.375,-109.5,0.0
ME,Maine,Knox,23013,3.0,9.5,3.1666666666666665,3.0,9.5,3.1666666666666665,0.0,0.0
ME,Maine,Lincoln,23015,3.0,12.5,4.166666666666667,3.0,12.5,4.166666666666667,0.0,0.0
ME,Maine,Oxford,23017,8.0,35.1,4.3875,7.0,34.1,4.871428571428572,1.0,1.0
ME,Maine,Penobscot,23019,13.0,54.9,4.223076923076923,11.0,45.0,4.090909090909091,9.899999999999999,2.0
ME,Maine,Piscataquis,23021,2.0,24.5,12.25,2.0,24.5,12.25,0.0,0.0
ME,Maine,Sagadahoc,23023,3.0,10.6,3.533333333333333,3.0,10.6,3.533333333333333,0.0,0.0
ME,Maine,Somerset,23025,21.0,88.1,4.1952380952380945,21.0,88.1,4.1952380952380945,0.0,0.0
ME,Maine,Waldo,23027,5.0,128.8,25.76,4.0,18.8,4.7,110.00000000000001,1.0
ME,Maine,Washington,23029,2.0,9.8,4.9,2.0,9.8,4.9,0.0,0.0
ME,Maine,York,23031,8.0,81.3,10.1625,7.0,76.39999999999999,10.914285714285713,4.900000000000006,1.0
MI,Michigan,Allegan,26005,1.0,20.0,20.0,1.0,20.0,20.0,0.0,0.0
MI,Michigan,Berrien,26021,1.0,4.6,4.6,1.0,4.6,4.6,0.0,0.0
MI,Michigan,Branch,26023,3.0,23.3,7.766666666666667,3.0,23.3,7.766666666666667,0.0,0.0
MI,Michigan,Calhoun,26025,5.0,471.0,94.2,5.0,471.0,94.2,0.0,0.0
MI,Michigan,Chippewa,26033,1.0,6.9,6.9,1.0,6.9,6.9,0.0,0.0
MI,Michigan,Clinton,26037,1.0,20.0,20.0,1.0,20.0,20.0,0.0,0.0
MI,Michigan,Delta,26041,2.0,2.3,1.15,2.0,2.5,1.25,-0.20000000000000018,0.0
MI,Michigan,Eaton,26045,2.0,24.0,12.0,2.0,24.0,12.0,0.0,0.0
MI,Michigan,Genesee,26049,6.0,22.5,3.75,6.0,22.5,3.75,0.0,0.0
MI,Michigan,Gladwin,26051,1.0,20.0,20.0,1.0,20.0,20.0,0.0,0.0
MI,Michigan,Grand Traverse,26055,1.0,1.0,1.0,,,,1.0,1.0
MI,Michigan,Hillsdale,26059,1.0,2.0,2.0,1.0,2.0,2.0,0.0,0.0
MI,Michigan,Ingham,26065,3.0,50.5,16.833333333333332,3.0,50.5,16.833333333333332,0.0,0.0
MI,Michigan,Jackson,26075,2.0,25.0,12.5,3.0,45.0,15.0,-20.0,-1.0
MI,Michigan,Kalamazoo,26077,1.0,1.0,1.0,1.0,1.0,1.0,0.0,0.0
MI,Michigan,Kent,26081,2.0,5.8,2.9,1.0,5.0,5.0,0.7999999999999998,1.0
MI,Michigan,Lapeer,26087,2.0,48.0,24.0,2.0,48.0,24.0,0.0,0.0
MI,Michigan,Leelanau,26089,2.0,2.8,1.4,3.0,3.8,1.2666666666666666,-1.0,-1.0
MI,Michigan,Lenawee,26091,3.0,42.0,14.0,3.0,42.0,14.0,0.0,0.0
MI,Michigan,Missaukee,26113,3.0,6.0,2.0,3.0,6.0,2.0,0.0,0.0
MI,Michigan,Monroe,26115,1.0,20.0,20.0,1.0,20.0,20.0,0.0,0.0
MI,Michigan,Montcalm,26117,1.0,2.0,2.0,1.0,2.0,2.0,0.0,0.0
MI,Michigan,Muskegon,26121,1.0,20.0,20.0,1.0,20.0,20.0,0.0,0.0
MI,Michigan,Oscoda,26135,1.0,10.0,10.0,1.0,10.0,10.0,0.0,0.0
MI,Michigan,Ottawa,26139,1.0,3.0,3.0,1.0,3.0,3.0,0.0,0.0
MI,Michigan,Saginaw,26145,3.0,6.0,2.0,3.0,6.0,2.0,0.0,0.0
MI,Michigan,Shiawassee,26155,5.0,279.0,55.8,5.0,279.0,55.8,0.0,0.0
MI,Michigan,St Clair,,1.0,1.4,1.4,,,,1.4,1.0
MI,Michigan,St Joseph,,1.0,15.0,15.0,,,,15.0,1.0
MI,Michigan,St. Clair,26147,,,,1.0,1.4,1.4,-1.4,-1.0
MI,Michigan,St. Joseph,26149,,,,1.0,15.0,15.0,-15.0,-1.0
MI,Michigan,Washtenaw,26161,1.0,1.0,1.0,1.0,1.0,1.0,0.0,0.0
MI,Michigan,Wayne,26163,3.0,3.0,1.0,2.0,3.0,1.5,0.0,1.0
MN,Minnesota,Anoka,27003,2.0,10.7,5.35,1.0,3.4,3.4,7.299999999999999,1.0
MN,Minnesota,Benton,27009,20.0,20.0,1.0,20.0,20.0,1.0,0.0,0.0
MN,Minnesota,Blue Earth,27013,25.0,34.0,1.36,26.0,33.0,1.2692307692307692,1.0,-1.0
MN,Minnesota,Brown,27015,,,,2.0,2.0,1.0,-2.0,-2.0
MN,Minnesota,Carlton,27017,1.0,1.0,1.0,1.0,1.0,1.0,0.0,0.0
MN,Minnesota,Carver,27019,27.0,40.4,1.4962962962962962,25.0,38.4,1.536,2.0,2.0
MN,Minnesota,Cass,27021,1.0,15.2,15.2,1.0,15.2,15.2,0.0,0.0
MN,Minnesota,Chippewa,27023,19.0,19.0,1.0,19.0,19.0,1.0,0.0,0.0
MN,Minnesota,Chisago,27025,58.0,179.3,3.091379310344828,64.0,185.3,2.8953125,-6.0,-6.0
MN,Minnesota,Clay,27027,6.0,6.0,1.0,6.0,6.0,1.0,0.0,0.0
MN,Minnesota,Crow Wing,27035,1.0,5.8,5.8,1.0,5.8,5.8,0.0,0.0
MN,Minnesota,Dakota,27037,50.0,108.5,2.17,50.0,66.7,1.334,41.8,0.0
MN,Minnesota,Dodge,27039,24.0,33.5,1.3958333333333333,25.0,34.5,1.38,-1.0,-1.0
MN,Minnesota,Douglas,27041,4.0,8.0,2.0,4.0,8.0,2.0,0.0,0.0
MN,Minnesota,Faribault,27043,1.0,1.8,1.8,1.0,1.8,1.8,0.0,0.0
MN,Minnesota,Fillmore,27045,4.0,52.0,13.0,4.0,52.0,13.0,0.0,0.0
MN,Minnesota,Freeborn,27047,3.0,3.5,1.1666666666666667,3.0,3.5,1.1666666666666667,0.0,0.0
MN,Minnesota,Goodhue,27049,26.0,44.4,1.7076923076923076,27.0,92.4,3.4222222222222225,-48.00000000000001,-1.0
MN,Minnesota,Hennepin,27053,12.0,13.2,1.0999999999999999,11.0,12.3,1.1181818181818182,0.8999999999999986,1.0
MN,Minnesota,Houston,27055,2.0,2.0,1.0,,,,2.0,2.0
MN,Minnesota,Isanti,27059,3.0,11.899999999999999,3.9666666666666663,3.0,15.899999999999999,5.3,-4.0,0.0
MN,Minnesota,Itasca,27061,1.0,2.0,2.0,1.0,2.0,2.0,0.0,0.0
MN,Minnesota,Kandiyohi,27067,11.0,14.0,1.2727272727272727,15.0,18.0,1.2,-4.0,-4.0
MN,Minnesota,Le Sueur,27079,15.0,23.0,1.5333333333333334,19.0,32.5,1.7105263157894737,-9.5,-4.0
MN,Minnesota,Lyon,27083,9.0,79.3,8.81111111111111,9.0,79.3,8.81111111111111,0.0,0.0
MN,Minnesota,McLeod,27085,22.0,26.9,1.2227272727272727,20.0,25.0,1.25,1.8999999999999986,2.0
MN,Minnesota,Meeker,27093,4.0,4.0,1.0,5.0,5.0,1.0,-1.0,-1.0
MN,Minnesota,Morrison,27097,1.0,10.9,10.9,1.0,10.9,10.9,0.0,0.0
MN,Minnesota,Mower,27099,1.0,50.0,50.0,1.0,50.0,50.0,0.0,0.0
MN,Minnesota,Murray,27101,6.0,6.7,1.1166666666666667,6.0,6.7,1.1166666666666667,0.0,0.0
MN,Minnesota,Nicollet,27103,13.0,16.5,1.2692307692307692,14.0,14.0,1.0,2.5,-1.0
MN,Minnesota,Olmsted,27109,10.0,24.9,2.4899999999999998,9.0,21.0,2.3333333333333335,3.8999999999999986,1.0
MN,Minnesota,Otter Tail,27111,2.0,50.4,25.2,1.0,49.9,49.9,0.5,1.0
MN,Minnesota,Pine,27115,1.0,3.0,3.0,1.0,3.0,3.0,0.0,0.0
MN,Minnesota,Pipestone,27117,13.0,12.7,0.9769230769230769,13.0,13.0,1.0,-0.3000000000000007,0.0
MN,Minnesota,Pope,27121,23.0,29.0,1.2608695652173914,18.0,24.0,1.3333333333333333,5.0,5.0
MN,Minnesota,Ramsey,27123,,,,1.0,1.0,1.0,-1.0,-1.0
MN,Minnesota,Red Lake,27125,1.0,1.0,1.0,1.0,1.0,1.0,0.0,0.0
MN,Minnesota,Redwood,27127,11.0,11.4,1.0363636363636364,14.0,14.4,1.0285714285714287,-3.0,-3.0
MN,Minnesota,Renville,27129,26.0,25.9,0.9961538461538461,20.0,20.0,1.0,5.899999999999999,6.0
MN,Minnesota,Rice,27131,27.0,53.0,1.962962962962963,20.0,40.5,2.025,12.5,7.0
MN,Minnesota,Scott,27139,7.0,10.1,1.4428571428571428,7.0,10.1,1.4428571428571428,0.0,0.0
MN,Minnesota,Sherburne,27141,30.0,286.0,9.533333333333333,29.0,287.4,9.910344827586206,-1.3999999999999773,1.0
MN,Minnesota,Sibley,27143,5.0,7.3,1.46,5.0,7.3,1.46,0.0,0.0
MN,Minnesota,St Louis,,2.0,7.199999999999999,3.5999999999999996,,,,7.199999999999999,2.0
MN,Minnesota,St. Louis,27137,,,,2.0,7.199999999999999,3.5999999999999996,-7.199999999999999,-2.0
MN,Minnesota,Stearns,27145,59.0,94.9,1.6084745762711865,59.0,95.0,1.6101694915254237,-0.09999999999999432,0.0
MN,Minnesota,Steele,27147,7.0,13.4,1.9142857142857144,17.0,23.4,1.3764705882352941,-9.999999999999998,-10.0
MN,Minnesota,Wabasha,27157,9.0,10.9,1.2111111111111112,11.0,13.0,1.1818181818181819,-2.0999999999999996,-2.0
MN,Minnesota,Waseca,27161,24.0,32.9,1.3708333333333333,17.0,26.0,1.5294117647058822,6.899999999999999,7.0
MN,Minnesota,Washington,27163,28.0,42.3,1.5107142857142857,25.0,42.9,1.716,-0.6000000000000014,3.0
MN,Minnesota,Winona,27169,11.0,16.7,1.518181818181818,13.0,18.8,1.4461538461538461,-2.1000000000000014,-2.0
MN,Minnesota,Wright,27171,29.0,69.4,2.393103448275862,30.0,70.4,2.3466666666666667,-1.0,-1.0
MN,Minnesota,Yellow Medicine,27173,3.0,7.0,2.3333333333333335,2.0,6.0,3.0,1.0,1.0
MO,Missouri,Audrain,29007,2.0,230.0,115.0,2.0,230.0,115.0,0.0,0.0
MO,Missouri,Bates,29013,1.0,2.8,2.8,1.0,2.8,2.8,0.0,0.0
MO,Missouri,Boone,29019,1.0,10.0,10.0,1.0,10.0,10.0,0.0,0.0
MO,Missouri,Cape Girardeau,29031,1.0,1.2,1.2,1.0,1.2,1.2,0.0,0.0
MO,Missouri,Cedar,29039,1.0,2.5,2.5,1.0,2.5,2.5,0.0,0.0
MO,Missouri,Christian,29043,1.0,7.9,7.9,1.0,7.9,7.9,0.0,0.0
MO,Missouri,Greene,29077,1.0,4.9,4.9,1.0,4.9,4.9,0.0,0.0
MO,Missouri,Grundy,29079,1.0,2.8,2.8,1.0,2.8,2.8,0.0,0.0
MO,Missouri,Howell,29091,1.0,8.0,8.0,1.0,8.0,8.0,0.0,0.0
MO,Missouri,Jackson,29095,5.0,24.5,4.9,5.0,24.5,4.9,0.0,0.0
MO,Missouri,Jasper,29097,1.0,2.3,2.3,1.0,2.3,2.3,0.0,0.0
MO,Missouri,Laclede,29105,1.0,2.5,2.5,1.0,2.5,2.5,0.0,0.0
MO,Missouri,Lafayette,29107,1.0,2.5,2.5,1.0,2.5,2.5,0.0,0.0
MO,Missouri,Livingston,29117,1.0,2.5,2.5,1.0,2.5,2.5,0.0,0.0
MO,Missouri,Macon,29121,1.0,2.8,2.8,1.0,2.8,2.8,0.0,0.0
MO,Missouri,Montgomery,29139,1.0,5.7,5.7,1.0,5.7,5.7,0.0,0.0
MO,Missouri,Phelps,29161,1.0,2.8,2.8,1.0,2.8,2.8,0.0,0.0
MO,Missouri,Pulaski,29169,1.0,2.8,2.8,1.0,2.8,2.8,0.0,0.0
MO,Missouri,Saline,29195,1.0,2.8,2.8,1.0,2.8,2.8,0.0,0.0
MO,Missouri,St Charles,,1.0,4.5,4.5,,,,4.5,1.0
MO,Missouri,St Francois,,1.0,2.5,2.5,,,,2.5,1.0
MO,Missouri,St Louis City,,2.0,2.6,1.3,,,,2.6,2.0
MO,Missouri,St. Charles,29183,,,,1.0,4.5,4.5,-4.5,-1.0
MO,Missouri,St. Francois,29187,,,,1.0,2.5,2.5,-2.5,-1.0
MO,Missouri,St. Louis,29510,,,,4.0,5.2,1.3,-5.2,-4.0
MO,Missouri,Warren,29219,1.0,139.0,139.0,1.0,139.0,139.0,0.0,0.0
MS,Mississippi,Carroll,28015,1.0,100.0,100.0,1.0,100.0,100.0,0.0,0.0
MS,Mississippi,Chickasaw,28017,1.0,3.1,3.1,1.0,3.1,3.1,0.0,0.0
MS,Mississippi,Clarke,28023,1.0,78.5,78.5,1.0,78.5,78.5,0.0,0.0
MS,Mississippi,DeSoto,28033,1.0,100.0,100.0,1.0,100.0,100.0,0.0,0.0
MS,Mississippi,Forrest,28035,1.0,50.0,50.0,1.0,50.0,50.0,0.0,0.0
MS,Mississippi,Hancock,28045,1.0,78.5,78.5,1.0,78.5,78.5,0.0,0.0
MS,Mississippi,Harrison,28047,1.0,3.5,3.5,1.0,3.5,3.5,0.0,0.0
MS,Mississippi,Lamar,28073,2.0,104.0,52.0,2.0,104.0,52.0,0.0,0.0
MS,Mississippi,Lauderdale,28075,2.0,57.5,28.75,2.0,57.5,28.75,0.0,0.0
MS,Mississippi,Leake,28079,1.0,1.5,1.5,1.0,1.5,1.5,0.0,0.0
MS,Mississippi,Lowndes,28087,1.0,150.0,150.0,1.0,150.0,150.0,0.0,0.0
MS,Mississippi,Madison,28089,1.0,100.0,100.0,1.0,100.0,100.0,0.0,0.0
MS,Mississippi,Marshall,28093,1.0,4.8,4.8,1.0,4.8,4.8,0.0,0.0
MS,Mississippi,Panola,28107,3.0,13.1,4.366666666666666,3.0,13.1,4.366666666666666,0.0,0.0
MS,Mississippi,Rankin,28121,1.0,1.2,1.2,1.0,1.2,1.2,0.0,0.0
MS,Mississippi,Scott,28123,1.0,175.0,175.0,1.0,175.0,175.0,0.0,0.0
MS,Mississippi,Sunflower,28133,2.0,199.0,99.5,2.0,199.0,99.5,0.0,0.0
MT,Montana,Beaverhead,30001,1.0,80.0,80.0,1.0,80.0,80.0,0.0,0.0
MT,Montana,Big Horn,30003,1.0,3.0,3.0,1.0,3.0,3.0,0.0,0.0
MT,Montana,Cascade,30013,1.0,3.0,3.0,1.0,3.0,3.0,0.0,0.0
MT,Montana,Gallatin,30031,1.0,2.0,2.0,2.0,4.0,2.0,-2.0,-1.0
MT,Montana,Golden Valley,30037,1.0,3.0,3.0,1.0,3.0,3.0,0.0,0.0
MT,Montana,Lewis and Clark,30049,2.0,6.0,3.0,2.0,6.0,3.0,0.0,0.0
MT,Montana,Stillwater,30095,1.0,2.0,2.0,,,,2.0,1.0
MT,Montana,Sweet Grass,30097,,,,1.0,2.0,2.0,-2.0,-1.0
MT,Montana,Yellowstone,30111,1.0,80.0,80.0,1.0,80.0,80.0,0.0,0.0
NC,North Carolina,Alamance,37001,8.0,31.2,3.9,8.0,31.2,3.9,0.0,0.0
NC,North Carolina,Alexander,37003,3.0,11.0,3.6666666666666665,3.0,11.0,3.6666666666666665,0.0,0.0
NC,North Carolina,Anson,37007,8.0,132.2,16.525,8.0,132.2,16.525,0.0,0.0
NC,North Carolina,Beaufort,37013,10.0,142.5,14.25,10.0,142.5,14.25,0.0,0.0
NC,North Carolina,Bertie,37015,6.0,45.0,7.5,6.0,45.0,7.5,0.0,0.0
NC,North Carolina,Bladen,37017,16.0,343.5,21.46875,14.0,267.5,19.107142857142858,76.0,2.0
NC,North Carolina,Brunswick,37019,2.0,9.9,4.95,2.0,9.9,4.95,0.0,0.0
NC,North Carolina,Buncombe,37021,2.0,8.6,4.3,3.0,10.1,3.3666666666666667,-1.5,-1.0
NC,North Carolina,Burke,37023,3.0,11.9,3.966666666666667,3.0,11.9,3.966666666666667,0.0,0.0
NC,North Carolina,Cabarrus,37025,5.0,111.80000000000001,22.360000000000003,5.0,111.80000000000001,22.360000000000003,0.0,0.0
NC,North Carolina,Caldwell,37027,2.0,12.1,6.05,2.0,12.1,6.05,0.0,0.0
NC,North Carolina,Camden,37029,4.0,35.0,8.75,4.0,35.0,8.75,0.0,0.0
NC,North Carolina,Caswell,37033,4.0,17.9,4.475,5.0,22.9,4.58,-5.0,-1.0
NC,North Carolina,Catawba,37035,13.0,171.3,13.176923076923078,13.0,171.3,13.176923076923078,0.0,0.0
NC,North Carolina,Chatham,37037,10.0,37.7,3.7700000000000005,11.0,42.6,3.872727272727273,-4.899999999999999,-1.0
NC,North Carolina,Cherokee,37039,3.0,2.7,0.9,3.0,3.0,1.0,-0.2999999999999998,0.0
NC,North Carolina,Chowan,37041,4.0,20.0,5.0,4.0,20.0,5.0,0.0,0.0
NC,North Carolina,Cleveland,37045,24.0,137.2,5.716666666666666,24.0,137.3,5.720833333333334,-0.10000000000002274,0.0
NC,North Carolina,Columbus,37047,18.0,81.9,4.550000000000001,19.0,86.9,4.5736842105263165,-5.0,-1.0
NC,North Carolina,Craven,37049,8.0,38.5,4.8125,8.0,38.5,4.8125,0.0,0.0
NC,North Carolina,Cumberland,37051,14.0,131.8,9.414285714285715,15.0,202.8,13.520000000000001,-71.0,-1.0
NC,North Carolina,Currituck,37053,5.0,262.4,52.48,5.0,262.4,52.48,0.0,0.0
NC,North Carolina,Davidson,37057,3.0,9.0,3.0,3.0,9.0,3.0,0.0,0.0
NC,North Carolina,Davie,37059,6.0,40.4,6.733333333333333,6.0,40.4,6.733333333333333,0.0,0.0
NC,North Carolina,Duplin,37061,43.0,187.5,4.3604651162790695,35.0,184.5,5.271428571428571,3.0,8.0
NC,North Carolina,Durham,37063,4.0,16.5,4.125,4.0,16.5,4.125,0.0,0.0
NC,North Carolina,Edgecombe,37065,9.0,281.5,31.27777777777778,9.0,281.5,31.27777777777778,0.0,0.0
NC,North Carolina,Forsyth,37067,2.0,6.7,3.35,2.0,6.7,3.35,0.0,0.0
NC,North Carolina,Franklin,37069,14.0,135.60000000000002,9.685714285714287,11.0,137.1,12.463636363636363,-1.4999999999999716,3.0
NC,North Carolina,Gaston,37071,6.0,56.3,9.383333333333333,6.0,56.3,9.383333333333333,0.0,0.0
NC,North Carolina,Gates,37073,3.0,15.0,5.0,3.0,15.0,5.0,0.0,0.0
NC,North Carolina,Granville,37077,9.0,42.7,4.7444444444444445,9.0,42.7,4.7444444444444445,0.0,0.0
NC,North Carolina,Greene,37079,9.0,21.9,2.433333333333333,5.0,19.9,3.9799999999999995,2.0,4.0
NC,North Carolina,Guilford,37081,7.0,25.7,3.6714285714285713,7.0,25.7,3.6714285714285713,0.0,0.0
NC,North Carolina,Halifax,37083,13.0,211.9,16.3,13.0,211.9,16.3,0.0,0.0
NC,North Carolina,Harnett,37085,12.0,51.7,4.308333333333334,11.0,49.1,4.463636363636364,2.6000000000000014,1.0
NC,North Carolina,Haywood,37087,1.0,1.5,1.5,1.0,1.5,1.5,0.0,0.0
NC,North Carolina,Henderson,37089,3.0,7.0,2.3333333333333335,3.0,7.0,2.3333333333333335,0.0,0.0
NC,North Carolina,Hertford,37091,20.0,203.5,10.175,20.0,203.5,10.175,0.0,0.0
NC,North Carolina,Hoke,37093,4.0,19.8,4.95,4.0,19.8,4.95,0.0,0.0
NC,North Carolina,Hyde,37095,1.0,2.0,2.0,1.0,2.0,2.0,0.0,0.0
NC,North Carolina,Iredell,37097,2.0,9.9,4.95,2.0,9.9,4.95,0.0,0.0
NC,North Carolina,Johnston,37101,29.0,105.5,3.6379310344827585,30.0,108.2,3.606666666666667,-2.700000000000003,-1.0
NC,North Carolina,Jones,37103,9.0,115.5,12.833333333333334,8.0,110.60000000000001,13.825000000000001,4.8999999999999915,1.0
NC,North Carolina,Lee,37105,9.0,38.8,4.311111111111111,8.0,36.8,4.6,2.0,1.0
NC,North Carolina,Lenoir,37107,14.0,156.0,11.142857142857142,11.0,93.9,8.536363636363637,62.099999999999994,3.0
NC,North Carolina,Lincoln,37109,2.0,10.0,5.0,2.0,10.0,5.0,0.0,0.0
NC,North Carolina,Madison,37115,1.0,1.9,1.9,1.0,1.9,1.9,0.0,0.0
NC,North Carolina,Martin,37117,15.0,102.0,6.8,15.0,102.0,6.8,0.0,0.0
NC,North Carolina,Mecklenburg,37119,1.0,1.9,1.9,1.0,1.9,1.9,0.0,0.0
NC,North Carolina,Montgomery,37123,10.0,125.60000000000001,12.56,11.0,130.4,11.854545454545455,-4.799999999999997,-1.0
NC,North Carolina,Moore,37125,20.0,49.2,2.46,10.0,44.2,4.42,5.0,10.0
NC,North Carolina,Nash,37127,31.0,299.4,9.658064516129032,31.0,299.4,9.658064516129032,0.0,0.0
NC,North Carolina,New Hanover,37129,2.0,2.6,1.3,2.0,2.6,1.3,0.0,0.0
NC,North Carolina,Northampton,37131,17.0,362.8,21.341176470588238,17.0,362.8,21.341176470588238,0.0,0.0
NC,North Carolina,Onslow,37133,6.0,31.1,5.183333333333334,8.0,41.0,5.125,-9.899999999999999,-2.0
NC,North Carolina,Orange,37135,4.0,18.0,4.5,3.0,13.0,4.333333333333333,5.0,1.0
NC,North Carolina,Pamlico,37137,2.0,10.0,5.0,2.0,10.0,5.0,0.0,0.0
NC,North Carolina,Pasquotank,37139,3.0,43.1,14.366666666666667,3.0,43.1,14.366666666666667,0.0,0.0
NC,North Carolina,Pender,37141,8.0,132.29999999999998,16.537499999999998,8.0,132.3,16.5375,-2.842170943040401e-14,0.0
NC,North Carolina,Perquimans,37143,8.0,51.2,6.4,8.0,51.2,6.4,0.0,0.0
NC,North Carolina,Person,37145,7.0,22.5,3.2142857142857144,7.0,22.5,3.2142857142857144,0.0,0.0
NC,North Carolina,Pitt,37147,8.0,36.9,4.6125,9.0,89.0,9.88888888888889,-52.1,-1.0
NC,North Carolina,Randolph,37151,17.0,59.4,3.4941176470588236,17.0,59.4,3.4941176470588236,0.0,0.0
NC,North Carolina,Richmond,37153,11.0,86.10000000000001,7.827272727272728,9.0,84.6,9.399999999999999,1.5000000000000142,2.0
NC,North Carolina,Robeson,37155,43.0,219.0,5.093023255813954,44.0,221.0,5.0227272727272725,-2.0,-1.0
NC,North Carolina,Rockingham,37157,9.0,41.9,4.655555555555555,8.0,36.9,4.6125,5.0,1.0
NC,North Carolina,Rowan,37159,12.0,51.3,4.2749999999999995,12.0,51.3,4.2749999999999995,0.0,0.0
NC,North Carolina,Rutherford,37161,10.0,122.2,12.22,10.0,122.19999999999999,12.219999999999999,1.4210854715202004e-14,0.0
NC,North Carolina,Sampson,37163,14.0,49.7,3.5500000000000003,13.0,49.2,3.784615384615385,0.5,1.0
NC,North Carolina,Scotland,37165,16.0,148.7,9.29375,17.0,149.7,8.805882352941175,-1.0,-1.0
NC,North Carolina,Stanly,37167,5.0,136.4,27.28,4.0,131.4,32.85,5.0,1.0
NC,North Carolina,Stokes,37169,3.0,58.9,19.633333333333333,3.0,58.9,19.633333333333333,0.0,0.0
NC,North Carolina,Surry,37171,7.0,90.2,12.885714285714286,6.0,85.30000000000001,14.216666666666669,4.8999999999999915,1.0
NC,North Carolina,Union,37179,5.0,74.9,14.98,5.0,74.9,14.98,0.0,0.0
NC,North Carolina,Vance,37181,13.0,107.8,8.292307692307691,13.0,107.8,8.292307692307691,0.0,0.0
NC,North Carolina,Wake,37183,14.0,33.6,2.4,7.0,24.6,3.5142857142857147,9.0,7.0
NC,North Carolina,Warren,37185,11.0,154.4,14.036363636363637,10.0,150.9,15.09,3.5,1.0
NC,North Carolina,Washington,37187,3.0,149.6,49.86666666666667,3.0,149.6,49.86666666666667,0.0,0.0
NC,North Carolina,Wayne,37191,31.0,130.7,4.216129032258064,33.0,140.7,4.263636363636364,-10.0,-2.0
NC,North Carolina,Wilson,37195,13.0,128.4,9.876923076923077,13.0,128.4,9.876923076923077,0.0,0.0
NC,North Carolina,Yadkin,37197,7.0,81.4,11.62857142857143,8.0,86.3,10.7875,-4.8999999999999915,-1.0
NE,Nebraska,Adams,31001,1.0,1.5,1.5,1.0,1.5,1.5,0.0,0.0
NE,Nebraska,Buffalo,31019,1.0,5.8,5.8,1.0,5.8,5.8,0.0,0.0
NE,Nebraska,Burt,31021,1.0,0.7,0.7,,,,0.7,1.0
NE,Nebraska,Dakota,31043,1.0,2.3,2.3,1.0,2.3,2.3,0.0,0.0
NE,Nebraska,Dawson,31047,3.0,6.5,2.1666666666666665,3.0,6.5,2.1666666666666665,0.0,0.0
NE,Nebraska,Dodge,31053,3.0,3.0,1.0,2.0,2.3,1.15,0.7000000000000002,1.0
NE,Nebraska,Hall,31079,1.0,9.9,9.9,1.0,9.9,9.9,0.0,0.0
NE,Nebraska,Howard,31093,1.0,1.0,1.0,1.0,1.0,1.0,0.0,0.0
NE,Nebraska,Lancaster,31109,2.0,5.0,2.5,2.0,5.0,2.5,0.0,0.0
NE,Nebraska,Madison,31119,1.0,8.5,8.5,1.0,8.5,8.5,0.0,0.0
NE,Nebraska,Polk,31143,1.0,1.0,1.0,1.0,1.0,1.0,0.0,0.0
NE,Nebraska,Saunders,31155,1.0,81.0,81.0,1.0,81.0,81.0,0.0,0.0
NE,Nebraska,Scotts Bluff,31157,1.0,4.4,4.4,1.0,4.4,4.4,0.0,0.0
NE,Nebraska,Seward,31159,1.0,1.0,1.0,1.0,1.0,1.0,0.0,0.0
NE,Nebraska,Thayer,31169,1.0,1.0,1.0,1.0,1.0,1.0,0.0,0.0
NE,Nebraska,Washington,31177,1.0,5.0,5.0,1.0,5.0,5.0,0.0,0.0
NH,New Hampshire,Hillsborough,33011,1.0,2.4,2.4,1.0,2.4,2.4,0.0,0.0
NJ,New Jersey,Atlantic,34001,19.0,34.7,1.8263157894736843,13.0,32.8,2.523076923076923,1.9000000000000057,6.0
NJ,New Jersey,Bergen,34003,9.0,11.799999999999999,1.311111111111111,5.0,9.6,1.92,2.1999999999999993,4.0
NJ,New Jersey,Burlington,34005,37.0,180.4,4.875675675675676,37.0,181.4,4.902702702702703,-1.0,0.0
NJ,New Jersey,Camden,34007,27.0,58.8,2.1777777777777776,17.0,55.5,3.264705882352941,3.299999999999997,10.0
NJ,New Jersey,Cape May,34009,2.0,2.5,1.25,3.0,42.5,14.166666666666666,-40.0,-1.0
NJ,New Jersey,Cumberland,34011,21.0,50.1,2.3857142857142857,17.0,47.3,2.7823529411764705,2.8000000000000043,4.0
NJ,New Jersey,Essex,34013,16.0,32.1,2.00625,11.0,27.4,2.4909090909090907,4.700000000000003,5.0
NJ,New Jersey,Gloucester,34015,15.0,48.4,3.2266666666666666,15.0,50.199999999999996,3.3466666666666662,-1.7999999999999972,0.0
NJ,New Jersey,Hudson,34017,21.0,26.1,1.2428571428571429,15.0,23.3,1.5533333333333335,2.8000000000000007,6.0
NJ,New Jersey,Hunterdon,34019,14.0,73.5,5.25,14.0,73.5,5.25,0.0,0.0
NJ,New Jersey,Mercer,34021,26.0,77.3,2.973076923076923,23.0,75.0,3.260869565217391,2.299999999999997,3.0
NJ,New Jersey,Middlesex,34023,72.0,141.4,1.963888888888889,53.0,151.6,2.860377358490566,-10.199999999999989,19.0
NJ,New Jersey,Monmouth,34025,25.0,125.8,5.032,22.0,105.0,4.7727272727272725,20.799999999999997,3.0
NJ,New Jersey,Morris,34027,14.0,45.6,3.257142857142857,14.0,45.6,3.257142857142857,0.0,0.0
NJ,New Jersey,Ocean,34029,14.0,76.5,5.464285714285714,11.0,68.3,6.209090909090909,8.200000000000003,3.0
NJ,New Jersey,Passaic,34031,2.0,3.8,1.9,2.0,3.8,1.9,0.0,0.0
NJ,New Jersey,Salem,34033,2.0,20.0,10.0,2.0,20.0,10.0,0.0,0.0
NJ,New Jersey,Somerset,34035,20.0,51.9,2.5949999999999998,19.0,51.3,2.6999999999999997,0.6000000000000014,1.0
NJ,New Jersey,Sussex,34037,8.0,34.0,4.25,7.0,33.4,4.771428571428571,0.6000000000000014,1.0
NJ,New Jersey,Union,34039,14.0,27.0,1.9285714285714286,18.0,32.4,1.7999999999999998,-5.399999999999999,-4.0
NJ,New Jersey,Warren,34041,13.0,60.900000000000006,4.684615384615385,10.0,60.900000000000006,6.090000000000001,0.0,3.0
NJ,New Jersey,,,,,,1.0,2.5,2.5,-2.5,-1.0
NM,New Mexico,Bernalillo,35001,10.0,356.0,35.6,10.0,356.7,35.67,-0.6999999999999886,0.0
NM,New Mexico,Chaves,35005,5.0,174.3,34.86,5.0,174.3,34.86,0.0,0.0
NM,New Mexico,Cibola,35006,4.0,64.0,16.0,4.0,64.0,16.0,0.0,0.0
NM,New Mexico,Colfax,35007,4.0,40.1,10.025,4.0,40.1,10.025,0.0,0.0
NM,New Mexico,Curry,35009,1.0,2.0,2.0,1.0,2.0,2.0,0.0,0.0
NM,New Mexico,Dona Ana,,7.0,54.3,7.757142857142857,,,,54.3,7.0
NM,New Mexico,Doña Ana,35013,,,,5.0,43.9,8.78,-43.9,-5.0
NM,New Mexico,Eddy,35015,2.0,30.1,15.05,2.0,30.1,15.05,0.0,0.0
NM,New Mexico,Grant,35017,1.0,1.0,1.0,1.0,1.0,1.0,0.0,0.0
NM,New Mexico,Lea,35025,5.0,45.1,9.02,5.0,45.1,9.02,0.0,0.0
NM,New Mexico,Lincoln,35027,1.0,3.0,3.0,1.0,3.0,3.0,0.0,0.0
NM,New Mexico,Los Alamos,35028,1.0,1.0,1.0,2.0,2.0,1.0,-1.0,-1.0
NM,New Mexico,Luna,35029,5.0,94.0,18.8,5.0,94.0,18.8,0.0,0.0
NM,New Mexico,McKinley,35031,3.0,508.0,169.33333333333334,3.0,508.0,169.33333333333334,0.0,0.0
NM,New Mexico,Otero,35035,4.0,138.0,34.5,5.0,148.0,29.6,-10.0,-1.0
NM,New Mexico,Quay,35037,1.0,25.0,25.0,1.0,25.0,25.0,0.0,0.0
NM,New Mexico,Rio Arriba,35039,4.0,104.0,26.0,4.0,55.300000000000004,13.825000000000001,48.699999999999996,0.0
NM,New Mexico,San Juan,35045,1.0,200.0,200.0,1.0,200.0,200.0,0.0,0.0
NM,New Mexico,San Miguel,35047,4.0,26.5,6.625,4.0,26.5,6.625,0.0,0.0
NM,New Mexico,Sandoval,35043,7.0,116.8,16.685714285714287,7.0,165.6,23.657142857142855,-48.8,0.0
NM,New Mexico,Santa Fe,35049,1.0,9.5,9.5,1.0,9.5,9.5,0.0,0.0
NM,New Mexico,Sierra,35051,2.0,2.9,1.45,2.0,2.9,1.45,0.0,0.0
NM,New Mexico,Taos,35055,6.0,23.3,3.8833333333333333,5.0,22.0,4.4,1.3000000000000007,1.0
NM,New Mexico,Torrance,35057,2.0,52.0,26.0,2.0,52.0,26.0,0.0,0.0
NM,New Mexico,Valencia,35061,9.0,254.5,28.27777777777778,9.0,254.5,28.27777777777778,0.0,0.0
NV,Nevada,Churchill,32001,6.0,72.9,12.15,6.0,72.9,12.15,0.0,0.0
NV,Nevada,Clark,32003,71.0,4196.5,59.105633802816904,71.0,4196.8,59.10985915492958,-0.3000000000001819,0.0
NV,Nevada,Eureka,32011,2.0,200.0,100.0,2.0,200.0,100.0,0.0,0.0
NV,Nevada,Humboldt,32013,1.0,101.0,101.0,1.0,101.0,101.0,0.0,0.0
NV,Nevada,Lyon,32019,1.0,19.9,19.9,1.0,19.9,19.9,0.0,0.0
NV,Nevada,Mineral,32021,1.0,50.0,50.0,1.0,50.0,50.0,0.0,0.0
NV,Nevada,Nye,32023,3.0,242.0,80.66666666666667,4.0,257.0,64.25,-15.0,-1.0
NV,Nevada,Storey,32029,7.0,7.7,1.1,5.0,6.9,1.3800000000000001,0.7999999999999998,2.0
NV,Nevada,Washoe,32031,10.0,395.1,39.510000000000005,9.0,393.1,43.67777777777778,2.0,1.0
NY,Maine,Broome,36007,,,,1.0,4.9,4.9,-4.9,-1.0
NY,New York,Albany,36001,19.0,88.6,4.663157894736842,18.0,67.5,3.75,21.099999999999994,1.0
NY,New York,Allegany,36003,10.0,46.0,4.6,10.0,42.5,4.25,3.5,0.0
NY,New York,Broome,36007,8.0,47.699999999999996,5.9624999999999995,4.0,12.7,3.175,35.0,4.0
NY,New York,Cattaraugus,36009,11.0,44.5,4.045454545454546,11.0,44.5,4.045454545454546,0.0,0.0
NY,New York,Cayuga,36011,11.0,47.2,4.290909090909091,10.0,42.2,4.220000000000001,5.0,1.0
NY,New York,Chautauqua,36013,12.0,42.7,3.5583333333333336,10.0,37.8,3.78,4.900000000000006,2.0
NY,New York,Chemung,36015,6.0,13.3,2.216666666666667,7.0,17.3,2.4714285714285715,-4.0,-1.0
NY,New York,Chenango,36017,4.0,18.3,4.575,6.0,43.3,7.216666666666666,-24.999999999999996,-2.0
NY,New York,Clinton,36019,10.0,31.8,3.18,10.0,31.8,3.18,0.0,0.0
NY,New York,Columbia,36021,8.0,36.8,4.6,8.0,36.8,4.6,0.0,0.0
NY,New York,Cortland,36023,7.0,50.0,7.142857142857143,8.0,52.0,6.5,-2.0,-1.0
NY,New York,Delaware,36025,1.0,2.3,2.3,2.0,7.3,3.65,-5.0,-1.0
NY,New York,Dutchess,36027,16.0,40.2,2.5125,17.0,41.6,2.447058823529412,-1.3999999999999986,-1.0
NY,New York,Erie,36029,20.0,69.2,3.46,20.0,68.4,3.4200000000000004,0.7999999999999972,0.0
NY,New York,Essex,36031,5.0,22.5,4.5,5.0,22.5,4.5,0.0,0.0
NY,New York,Franklin,36033,3.0,7.2,2.4,3.0,7.2,2.4,0.0,0.0
NY,New York,Fulton,36035,15.0,51.8,3.453333333333333,18.0,63.3,3.5166666666666666,-11.5,-3.0
NY,New York,Genesee,36037,14.0,42.6,3.042857142857143,14.0,42.6,3.042857142857143,0.0,0.0
NY,New York,Greene,36039,6.0,21.2,3.533333333333333,6.0,21.2,3.533333333333333,0.0,0.0
NY,New York,Herkimer,36043,4.0,13.0,3.25,4.0,13.0,3.25,0.0,0.0
NY,New York,Jefferson,36045,14.0,55.6,3.9714285714285715,14.0,55.6,3.9714285714285715,0.0,0.0
NY,New York,Lewis,36049,3.0,7.1,2.3666666666666667,4.0,12.1,3.025,-5.0,-1.0
NY,New York,Livingston,36051,9.0,214.0,23.77777777777778,9.0,213.0,23.666666666666668,1.0,0.0
NY,New York,Madison,36053,7.0,27.1,3.8714285714285714,7.0,27.1,3.8714285714285714,0.0,0.0
NY,New York,Monroe,36055,32.0,112.2,3.50625,31.0,108.2,3.490322580645161,4.0,1.0
NY,New York,Montgomery,36057,14.0,166.4,11.885714285714286,11.0,157.9,14.354545454545455,8.5,3.0
NY,New York,Nassau,36059,1.0,1.8,1.8,1.0,1.8,1.8,0.0,0.0
NY,New York,Niagara,36063,14.0,60.7,4.335714285714286,13.0,57.7,4.438461538461539,3.0,1.0
NY,New York,Oneida,36065,23.0,77.9,3.3869565217391306,22.0,73.7,3.35,4.200000000000003,1.0
NY,New York,Onondaga,36067,26.0,101.9,3.9192307692307695,26.0,101.9,3.9192307692307695,0.0,0.0
NY,New York,Ontario,36069,14.0,37.9,2.707142857142857,15.0,39.9,2.6599999999999997,-2.0,-1.0
NY,New York,Orange,36071,43.0,101.7,2.3651162790697673,46.0,107.4,2.3347826086956522,-5.700000000000003,-3.0
NY,New York,Orleans,36073,4.0,16.5,4.125,6.0,24.0,4.0,-7.5,-2.0
NY,New York,Oswego,36075,14.0,47.4,3.3857142857142857,14.0,47.4,3.3857142857142857,0.0,0.0
NY,New York,Otsego,36077,1.0,2.0,2.0,1.0,2.0,2.0,0.0,0.0
NY,New York,Queens,36081,1.0,1.0,1.0,1.0,1.0,1.0,0.0,0.0
NY,New York,Rensselaer,36083,12.0,77.0,6.416666666666667,10.0,37.0,3.7,40.0,2.0
NY,New York,Richmond,36085,3.0,7.6000000000000005,2.5333333333333337,3.0,7.6000000000000005,2.5333333333333337,0.0,0.0
NY,New York,Rockland,36087,3.0,4.0,1.3333333333333333,3.0,4.0,1.3333333333333333,0.0,0.0
NY,New York,Saratoga,36091,16.0,67.2,4.2,16.0,67.2,4.2,0.0,0.0
NY,New York,Schenectady,36093,16.0,71.0,4.4375,17.0,73.0,4.294117647058823,-2.0,-1.0
NY,New York,Schoharie,36095,2.0,52.0,26.0,2.0,52.0,26.0,0.0,0.0
NY,New York,Schuyler,36097,5.0,18.6,3.72,4.0,14.6,3.65,4.000000000000002,1.0
NY,New York,Seneca,36099,4.0,11.0,2.75,3.0,9.0,3.0,2.0,1.0
NY,New York,St Lawrence,,18.0,64.0,3.5555555555555554,,,,64.0,18.0
NY,New York,St. Lawrence,36089,9.0,38.4,4.266666666666667,27.0,102.4,3.7925925925925927,-64.0,-18.0
NY,New York,Steuben,36101,5.0,24.0,4.8,6.0,27.0,4.5,-3.0,-1.0
NY,New York,Suffolk,36103,23.0,150.3,6.534782608695653,23.0,150.29999999999998,6.534782608695651,2.842170943040401e-14,0.0
NY,New York,Sullivan,36105,17.0,37.2,2.1882352941176473,14.0,31.5,2.25,5.700000000000003,3.0
NY,New York,Tioga,36107,14.0,75.8,5.414285714285714,13.0,70.8,5.446153846153846,5.0,1.0
NY,New York,Tompkins,36109,15.0,61.1,4.073333333333333,14.0,59.1,4.2214285714285715,2.0,1.0
NY,New York,Ulster,36111,17.0,43.8,2.576470588235294,17.0,44.2,2.6,-0.4000000000000057,0.0
NY,New York,Warren,36113,2.0,6.9,3.45,2.0,6.9,3.45,0.0,0.0
NY,New York,Washington,36115,6.0,21.5,3.5833333333333335,8.0,61.5,7.6875,-40.0,-2.0
NY,New York,Wayne,36117,10.0,20.9,2.09,9.0,17.9,1.9888888888888887,3.0,1.0
NY,New York,Westchester,36119,15.0,16.6,1.1066666666666667,9.0,13.9,1.5444444444444445,2.700000000000001,6.0
NY,New York,Wyoming,36121,5.0,14.0,2.8,5.0,14.0,2.8,0.0,0.0
NY,New York,Yates,36123,5.0,23.6,4.720000000000001,6.0,28.6,4.766666666666667,-5.0,-1.0
OH,Ohio,Auglaize,39011,3.0,17.5,5.833333333333333,3.0,17.5,5.833333333333333,0.0,0.0
OH,Ohio,Brown,39015,1.0,200.0,200.0,2.0,280.0,140.0,-80.0,-1.0
OH,Ohio,Butler,39017,,,,1.0,144.0,144.0,-144.0,-1.0
OH,Ohio,Champaign,39021,1.0,144.0,144.0,,,,144.0,1.0
OH,Ohio,Clark,39023,1.0,1.5,1.5,1.0,1.5,1.5,0.0,0.0
OH,Ohio,Clermont,39025,1.0,80.0,80.0,,,,80.0,1.0
OH,Ohio,Cuyahoga,39035,2.0,4.7,2.35,2.0,4.7,2.35,0.0,0.0
OH,Ohio,Darke,39037,1.0,1.8,1.8,1.0,1.8,1.8,0.0,0.0
OH,Ohio,Franklin,39049,1.0,1.0,1.0,1.0,1.0,1.0,0.0,0.0
OH,Ohio,Fulton,39051,1.0,107.0,107.0,1.0,107.0,107.0,0.0,0.0
OH,Ohio,Greene,39057,1.0,1.8,1.8,1.0,1.8,1.8,0.0,0.0
OH,Ohio,Hamilton,39061,2.0,3.6999999999999997,1.8499999999999999,1.0,2.3,2.3,1.4,1.0
OH,Ohio,Hancock,39063,1.0,2.0,2.0,1.0,2.0,2.0,0.0,0.0
OH,Ohio,Hardin,39065,4.0,303.0,75.75,3.0,153.0,51.0,150.0,1.0
OH,Ohio,Henry,39069,2.0,11.5,5.75,2.0,11.5,5.75,0.0,0.0
OH,Ohio,Highland,39071,4.0,550.0,137.5,4.0,550.0,137.5,0.0,0.0
OH,Ohio,Huron,39077,1.0,3.2,3.2,1.0,3.2,3.2,0.0,0.0
OH,Ohio,Licking,39089,1.0,1.9,1.9,1.0,1.9,1.9,0.0,0.0
OH,Ohio,Lorain,39093,1.0,2.0,2.0,1.0,2.0,2.0,0.0,0.0
OH,Ohio,Lucas,39095,4.0,7.7,1.925,4.0,7.7,1.925,0.0,0.0
OH,Ohio,Madison,39097,4.0,957.2,239.3,6.0,957.2,159.53333333333333,0.0,-2.0
OH,Ohio,Medina,39103,2.0,8.9,4.45,2.0,8.9,4.45,0.0,0.0
OH,Ohio,Mercer,39107,1.0,4.0,4.0,1.0,4.0,4.0,0.0,0.0
OH,Ohio,Miami,39109,2.0,14.4,7.2,2.0,14.4,7.2,0.0,0.0
OH,Ohio,Montgomery,39113,1.0,1.1,1.1,1.0,1.1,1.1,0.0,0.0
OH,Ohio,Paulding,39125,2.0,53.9,26.95,2.0,53.9,26.95,0.0,0.0
OH,Ohio,Putnam,39137,1.0,49.9,49.9,1.0,49.9,49.9,0.0,0.0
OH,Ohio,Richland,39139,1.0,1.9,1.9,1.0,1.9,1.9,0.0,0.0
OH,Ohio,Ross,39141,2.0,323.9,161.95,2.0,323.9,161.95,0.0,0.0
OH,Ohio,Sandusky,39143,1.0,2.8,2.8,1.0,2.8,2.8,0.0,0.0
OH,Ohio,Shelby,39149,1.0,1.6,1.6,1.0,1.6,1.6,0.0,0.0
OH,Ohio,Stark,39151,1.0,1.9,1.9,1.0,1.9,1.9,0.0,0.0
OH,Ohio,Summit,39153,1.0,3.8,3.8,1.0,3.8,3.8,0.0,0.0
OH,Ohio,Trumbull,39155,2.0,3.2,1.6,2.0,3.2,1.6,0.0,0.0
OH,Ohio,Union,39159,1.0,325.0,325.0,1.0,325.0,325.0,0.0,0.0
OH,Ohio,Wayne,39169,1.0,2.3,2.3,1.0,2.3,2.3,0.0,0.0
OH,Ohio,Williams,39171,1.0,2.1,2.1,1.0,2.1,2.1,0.0,0.0
OH,Ohio,Wood,39173,3.0,24.5,8.166666666666666,3.0,24.5,8.166666666666666,0.0,0.0
OH,Ohio,Wyandot,39175,2.0,11.3,5.65,2.0,11.3,5.65,0.0,0.0
OK,Oklahoma,Bryan,40013,2.0,10.0,5.0,2.0,10.0,5.0,0.0,0.0
OK,Oklahoma,Caddo,40015,3.0,11.0,3.6666666666666665,3.0,11.0,3.6666666666666665,0.0,0.0
OK,Oklahoma,Canadian,40017,1.0,2.5,2.5,1.0,2.5,2.5,0.0,0.0
OK,Oklahoma,Cleveland,40027,1.0,2.0,2.0,1.0,2.0,2.0,0.0,0.0
OK,Oklahoma,Garfield,40047,1.0,10.0,10.0,1.0,10.0,10.0,0.0,0.0
OK,Oklahoma,Grady,40051,1.0,4.0,4.0,1.0,4.0,4.0,0.0,0.0
OK,Oklahoma,Kiowa,40075,1.0,120.0,120.0,1.0,120.0,120.0,0.0,0.0
OK,Oklahoma,Love,40085,1.0,3.0,3.0,1.0,3.0,3.0,0.0,0.0
OK,Oklahoma,Murray,40099,1.0,5.0,5.0,1.0,5.0,5.0,0.0,0.0
OK,Oklahoma,Pontotoc,40123,1.0,5.0,5.0,1.0,5.0,5.0,0.0,0.0
OK,Oklahoma,Texas,40139,1.0,1.0,1.0,1.0,1.0,1.0,0.0,0.0
OR,Oregon,Baker,41001,2.0,17.8,8.9,2.0,17.8,8.9,0.0,0.0
OR,Oregon,Benton,41003,1.0,1.2,1.2,1.0,1.2,1.2,0.0,0.0
OR,Oregon,Clackamas,41005,26.0,82.5,3.173076923076923,27.0,84.5,3.1296296296296298,-2.0,-1.0
OR,Oregon,Crook,41013,3.0,166.3,55.43333333333334,3.0,166.3,55.43333333333334,0.0,0.0
OR,Oregon,Deschutes,41017,4.0,39.7,9.925,4.0,39.7,9.925,0.0,0.0
OR,Oregon,Gilliam,41021,1.0,162.0,162.0,1.0,162.0,162.0,0.0,0.0
OR,Oregon,Harney,41025,4.0,39.9,9.975,4.0,39.9,9.975,0.0,0.0
OR,Oregon,Jackson,41029,4.0,23.6,5.9,4.0,23.6,5.9,0.0,0.0
OR,Oregon,Jefferson,41031,3.0,22.9,7.633333333333333,3.0,22.9,7.633333333333333,0.0,0.0
OR,Oregon,Klamath,41035,13.0,134.1,10.315384615384614,13.0,134.1,10.315384615384614,0.0,0.0
OR,Oregon,Lake,41037,10.0,121.6,12.16,10.0,121.6,12.16,0.0,0.0
OR,Oregon,Linn,41043,1.0,2.9,2.9,1.0,2.9,2.9,0.0,0.0
OR,Oregon,Malheur,41045,10.0,61.5,6.15,10.0,61.5,6.15,0.0,0.0
OR,Oregon,Marion,41047,25.0,55.6,2.224,25.0,55.6,2.224,0.0,0.0
OR,Oregon,Morrow,41049,1.0,50.0,50.0,1.0,50.0,50.0,0.0,0.0
OR,Oregon,Multnomah,41051,1.0,1.4,1.4,1.0,1.4,1.4,0.0,0.0
OR,Oregon,Polk,41053,6.0,14.7,2.4499999999999997,6.0,14.7,2.4499999999999997,0.0,0.0
OR,Oregon,Sherman,41055,1.0,10.0,10.0,1.0,10.0,10.0,0.0,0.0
OR,Oregon,Umatilla,41059,1.0,6.0,6.0,1.0,6.0,6.0,0.0,0.0
OR,Oregon,Washington,41067,2.0,5.2,2.6,2.0,5.2,2.6,0.0,0.0
OR,Oregon,Yamhill,41071,13.0,31.7,2.4384615384615382,13.0,31.700000000000003,2.4384615384615387,-3.552713678800501e-15,0.0
PA,Pennsylvania,Adams,42001,1.0,80.0,80.0,1.0,80.0,80.0,0.0,0.0
PA,Pennsylvania,Allegheny,42003,1.0,3.0,3.0,1.0,3.0,3.0,0.0,0.0
PA,Pennsylvania,Beaver,42007,4.0,55.5,13.875,4.0,55.5,13.875,0.0,0.0
PA,Pennsylvania,Berks,42011,3.0,24.2,8.066666666666666,3.0,24.2,8.066666666666666,0.0,0.0
PA,Pennsylvania,Bucks,42017,1.0,3.0,3.0,1.0,3.0,3.0,0.0,0.0
PA,Pennsylvania,Cambria,42021,1.0,100.0,100.0,1.0,100.0,100.0,0.0,0.0
PA,Pennsylvania,Carbon,42025,2.0,20.1,10.05,2.0,20.1,10.05,0.0,0.0
PA,Pennsylvania,Centre,42027,1.0,1.5,1.5,2.0,15.0,7.5,-13.5,-1.0
PA,Pennsylvania,Chester,42029,4.0,4.8,1.2,4.0,4.8,1.2,0.0,0.0
PA,Pennsylvania,Clearfield,42033,2.0,40.0,20.0,2.0,40.0,20.0,0.0,0.0
PA,Pennsylvania,Cumberland,42041,4.0,7.3,1.825,2.0,6.0,3.0,1.2999999999999998,2.0
PA,Pennsylvania,Fayette,42051,2.0,28.0,14.0,2.0,28.0,14.0,0.0,0.0
PA,Pennsylvania,Franklin,42055,6.0,238.5,39.75,5.0,225.0,45.0,13.5,1.0
PA,Pennsylvania,Fulton,42057,1.0,70.0,70.0,1.0,70.0,70.0,0.0,0.0
PA,Pennsylvania,Juniata,42067,1.0,20.0,20.0,1.0,20.0,20.0,0.0,0.0
PA,Pennsylvania,Lancaster,42071,4.0,11.6,2.9,4.0,11.6,2.9,0.0,0.0
PA,Pennsylvania,Lebanon,42075,1.0,3.0,3.0,1.0,3.0,3.0,0.0,0.0
PA,Pennsylvania,Lehigh,42077,2.0,5.0,2.5,,,,5.0,2.0
PA,Pennsylvania,Luzerne,42079,1.0,1.8,1.8,1.0,1.8,1.8,0.0,0.0
PA,Pennsylvania,Monroe,42089,1.0,2.7,2.7,1.0,2.7,2.7,0.0,0.0
PA,Pennsylvania,Montgomery,42091,3.0,3.5,1.1666666666666667,3.0,3.5,1.1666666666666667,0.0,0.0
PA,Pennsylvania,Northampton,42095,5.0,8.4,1.6800000000000002,4.0,7.6,1.9,0.8000000000000007,1.0
PA,Pennsylvania,Northumberland,42097,1.0,20.0,20.0,1.0,20.0,20.0,0.0,0.0
PA,Pennsylvania,Philadelphia,42101,1.0,2.9,2.9,1.0,2.9,2.9,0.0,0.0
PA,Pennsylvania,Schuylkill,42107,1.0,1.0,1.0,1.0,1.0,1.0,0.0,0.0
PA,Pennsylvania,Snyder,42109,2.0,23.0,11.5,2.0,23.0,11.5,0.0,0.0
PA,Pennsylvania,Somerset,42111,1.0,15.0,15.0,1.0,15.0,15.0,0.0,0.0
PA,Pennsylvania,Tioga,42117,1.0,1.1,1.1,1.0,1.1,1.1,0.0,0.0
PA,Pennsylvania,Union,42119,1.0,1.4,1.4,1.0,1.4,1.4,0.0,0.0
PA,Pennsylvania,Westmoreland,42129,2.0,17.1,8.55,2.0,17.1,8.55,0.0,0.0
PA,Pennsylvania,York,42133,4.0,62.6,15.65,4.0,62.6,15.65,0.0,0.0
RI,Rhode Island,Bristol,44001,4.0,15.7,3.925,4.0,15.7,3.925,0.0,0.0
RI,Rhode Island,Kent,44003,13.0,127.9,9.838461538461539,12.0,111.7,9.308333333333334,16.200000000000003,1.0
RI,Rhode Island,Newport,44005,8.0,37.7,4.7125,8.0,37.7,4.7125,0.0,0.0
RI,Rhode Island,Providence,44007,29.0,120.0,4.137931034482759,30.0,136.2,4.54,-16.19999999999999,-1.0
RI,Rhode Island,Washington,44009,23.0,117.4,5.104347826086957,23.0,117.4,5.104347826086957,0.0,0.0
SC,South Carolina,Aiken,45003,1.0,74.9,74.9,1.0,74.9,74.9,0.0,0.0
SC,South Carolina,Allendale,45005,4.0,98.6,24.65,2.0,78.2,39.1,20.39999999999999,2.0
SC,South Carolina,Anderson,45007,6.0,11.0,1.8333333333333333,6.0,11.0,1.8333333333333333,0.0,0.0
SC,South Carolina,Bamberg,45009,1.0,6.0,6.0,1.0,6.0,6.0,0.0,0.0
SC,South Carolina,Barnwell,45011,5.0,41.0,8.2,5.0,41.0,8.2,0.0,0.0
SC,South Carolina,Beaufort,45013,5.0,100.5,20.1,4.0,90.5,22.625,10.0,1.0
SC,South Carolina,Berkeley,45015,1.0,6.0,6.0,1.0,6.0,6.0,0.0,0.0
SC,South Carolina,Calhoun,45017,5.0,172.39999999999998,34.48,5.0,172.39999999999998,34.48,0.0,0.0
SC,South Carolina,Cherokee,45021,1.0,5.0,5.0,1.0,5.0,5.0,0.0,0.0
SC,South Carolina,Chesterfield,45025,2.0,77.0,38.5,2.0,77.0,38.5,0.0,0.0
SC,South Carolina,Clarendon,45027,4.0,8.0,2.0,4.0,8.0,2.0,0.0,0.0
SC,South Carolina,Colleton,45029,1.0,2.5,2.5,1.0,2.5,2.5,0.0,0.0
SC,South Carolina,Darlington,45031,12.0,37.3,3.108333333333333,12.0,30.1,2.5083333333333333,7.199999999999996,0.0
SC,South Carolina,Dillon,45033,2.0,15.0,7.5,2.0,15.0,7.5,0.0,0.0
SC,South Carolina,Fairfield,45039,,,,1.0,12.8,12.8,-12.8,-1.0
SC,South Carolina,Florence,45041,9.0,25.0,2.7777777777777777,9.0,25.0,2.7777777777777777,0.0,0.0
SC,South Carolina,Greenville,45045,2.0,4.0,2.0,2.0,4.0,2.0,0.0,0.0
SC,South Carolina,Greenwood,45047,4.0,7.5,1.875,4.0,7.5,1.875,0.0,0.0
SC,South Carolina,Hampton,45049,4.0,48.8,12.2,7.0,79.2,11.314285714285715,-30.400000000000006,-3.0
SC,South Carolina,Horry,45051,3.0,58.6,19.533333333333335,3.0,58.6,19.533333333333335,0.0,0.0
SC,South Carolina,Jasper,45053,3.0,89.4,29.8,3.0,89.4,29.8,0.0,0.0
SC,South Carolina,Lancaster,45057,1.0,3.0,3.0,1.0,3.0,3.0,0.0,0.0
SC,South Carolina,Lee,45061,8.0,24.0,3.0,8.0,24.0,3.0,0.0,0.0
SC,South Carolina,Lexington,45063,9.0,207.3,23.033333333333335,9.0,207.3,23.033333333333335,0.0,0.0
SC,South Carolina,Marion,45067,3.0,10.9,3.6333333333333333,3.0,10.9,3.6333333333333333,0.0,0.0
SC,South Carolina,Marlboro,45069,2.0,11.7,5.85,2.0,11.7,5.85,0.0,0.0
SC,South Carolina,Newberry,45071,1.0,3.3,3.3,1.0,3.3,3.3,0.0,0.0
SC,South Carolina,Orangeburg,45075,6.0,271.3,45.21666666666667,6.0,271.3,45.21666666666667,0.0,0.0
SC,South Carolina,Richland,45079,1.0,73.6,73.6,1.0,73.6,73.6,0.0,0.0
SC,South Carolina,Saluda,45081,3.0,85.10000000000001,28.36666666666667,3.0,85.10000000000001,28.36666666666667,0.0,0.0
SC,South Carolina,Spartanburg,45083,10.0,37.7,3.7700000000000005,9.0,37.6,4.177777777777778,0.10000000000000142,1.0
SC,South Carolina,Union,45087,1.0,12.8,12.8,,,,12.8,1.0
SC,South Carolina,Williamsburg,45089,2.0,20.0,10.0,2.0,20.0,10.0,0.0,0.0
SD,South Dakota,Fall River,46047,1.0,80.0,80.0,1.0,80.0,80.0,0.0,0.0
SD,South Dakota,Hughes,46065,1.0,1.0,1.0,1.0,1.0,1.0,0.0,0.0
SD,South Dakota,Pennington,46103,1.0,128.0,128.0,1.0,128.0,128.0,0.0,0.0
TN,Tennessee,Bedford,47003,1.0,35.0,35.0,1.0,35.0,35.0,0.0,0.0
TN,Tennessee,Davidson,47037,1.0,1.6,1.6,1.0,1.6,1.6,0.0,0.0
TN,Tennessee,Fayette,47047,3.0,33.3,11.1,3.0,33.3,11.1,0.0,0.0
TN,Tennessee,Greene,47059,2.0,9.6,4.8,2.0,9.6,4.8,0.0,0.0
TN,Tennessee,Hamilton,47065,4.0,10.1,2.525,3.0,9.6,3.1999999999999997,0.5,1.0
TN,Tennessee,Hardeman,47069,2.0,18.3,9.15,2.0,18.3,9.15,0.0,0.0
TN,Tennessee,Haywood,47075,2.0,7.2,3.6,2.0,7.2,3.6,0.0,0.0
TN,Tennessee,Henry,47079,1.0,6.8,6.8,1.0,6.8,6.8,0.0,0.0
TN,Tennessee,Jefferson,47089,1.0,2.0,2.0,1.0,2.0,2.0,0.0,0.0
TN,Tennessee,Lincoln,47103,1.0,150.0,150.0,1.0,150.0,150.0,0.0,0.0
TN,Tennessee,Madison,47113,3.0,87.0,29.0,3.0,87.0,29.0,0.0,0.0
TN,Tennessee,McNairy,47109,4.0,55.6,13.9,4.0,55.6,13.9,0.0,0.0
TN,Tennessee,Montgomery,47125,2.0,6.8,3.4,2.0,6.8,3.4,0.0,0.0
TN,Tennessee,Obion,47131,1.0,100.0,100.0,1.0,100.0,100.0,0.0,0.0
TN,Tennessee,Sequatchie,47153,1.0,1.3,1.3,1.0,1.3,1.3,0.0,0.0
TN,Tennessee,Shelby,47157,3.0,55.6,18.533333333333335,3.0,55.6,18.533333333333335,0.0,0.0
TN,Tennessee,Washington,47179,2.0,13.4,6.7,2.0,13.4,6.7,0.0,0.0
TX,Texas,Andrews,48003,4.0,1070.0,267.5,4.0,1070.0,267.5,0.0,0.0
TX,Texas,Austin,48015,2.0,11.2,5.6,2.0,11.2,5.6,0.0,0.0
TX,Texas,Bee,48025,2.0,300.7,150.35,2.0,300.7,150.35,0.0,0.0
TX,Texas,Bell,48027,2.0,370.79999999999995,185.39999999999998,2.0,605.4,302.7,-234.60000000000002,0.0
TX,Texas,Bexar,48029,11.0,102.8,9.345454545454546,11.0,103.1,9.372727272727273,-0.29999999999999716,0.0
TX,Texas,Borden,48033,3.0,530.6,176.86666666666667,3.0,530.6,176.86666666666667,0.0,0.0
TX,Texas,Bosque,48035,4.0,180.9,45.225,3.0,81.4,27.133333333333336,99.5,1.0
TX,Texas,Brazoria,48039,5.0,698.1,139.62,7.0,1361.1,194.44285714285712,-662.9999999999999,-2.0
TX,Texas,Brewster,48043,1.0,50.0,50.0,1.0,50.0,50.0,0.0,0.0
TX,Texas,Brooks,48047,1.0,10.0,10.0,1.0,10.0,10.0,0.0,0.0
TX,Texas,Brown,48049,1.0,320.0,320.0,1.0,320.0,320.0,0.0,0.0
TX,Texas,Calhoun,48057,1.0,196.3,196.3,1.0,196.3,196.3,0.0,0.0
TX,Texas,Cameron,48061,2.0,180.0,90.0,2.0,180.0,90.0,0.0,0.0
TX,Texas,Childress,48075,1.0,240.0,240.0,1.0,240.0,240.0,0.0,0.0
TX,Texas,Collin,48085,1.0,7.7,7.7,1.0,7.7,7.7,0.0,0.0
TX,Texas,Concho,48095,2.0,360.0,180.0,2.0,360.0,180.0,0.0,0.0
TX,Texas,Cooke,48097,2.0,64.2,32.1,2.0,64.2,32.1,0.0,0.0
TX,Texas,Coryell,48099,,,,1.0,15.4,15.4,-15.4,-1.0
TX,Texas,Crane,48103,1.0,150.0,150.0,2.0,258.0,129.0,-108.0,-1.0
TX,Texas,Culberson,48109,3.0,472.0,157.33333333333334,3.0,472.0,157.33333333333334,0.0,0.0
TX,Texas,Dallas,48113,4.0,4.1,1.025,2.0,2.1,1.05,1.9999999999999996,2.0
TX,Texas,Dawson,48115,2.0,152.0,76.0,2.0,152.0,76.0,0.0,0.0
TX,Texas,Delta,48119,,,,1.0,471.0,471.0,-471.0,-1.0
TX,Texas,Denton,48121,4.0,524.5,131.125,4.0,524.5,131.125,0.0,0.0
TX,Texas,Dimmit,48127,1.0,200.0,200.0,1.0,200.0,200.0,0.0,0.0
TX,Texas,Ector,48135,3.0,196.8,65.60000000000001,3.0,196.8,65.60000000000001,0.0,0.0
TX,Texas,El Paso,48141,4.0,17.0,4.25,4.0,17.0,4.25,0.0,0.0
TX,Texas,Ellis,48139,2.0,214.7,107.35,2.0,214.7,107.35,0.0,0.0
TX,Texas,Erath,48143,1.0,9.9,9.9,1.0,9.9,9.9,0.0,0.0
TX,Texas,Falls,48145,3.0,438.8,146.26666666666668,5.0,594.1,118.82000000000001,-155.3,-2.0
TX,Texas,Fannin,48147,3.0,216.6,72.2,3.0,216.6,72.2,0.0,0.0
TX,Texas,Fort Bend,48157,6.0,1221.2,203.53333333333333,6.0,1221.2,203.53333333333333,0.0,0.0
TX,Texas,Franklin,48159,1.0,250.0,250.0,,,,250.0,1.0
TX,Texas,Frio,48163,2.0,332.4,166.2,2.0,332.4,166.2,0.0,0.0
TX,Texas,Grayson,48181,4.0,20.3,5.075,4.0,20.3,5.075,0.0,0.0
TX,Texas,Guadalupe,48187,1.0,4.9,4.9,1.0,4.9,4.9,0.0,0.0
TX,Texas,Hamilton,48193,1.0,100.0,100.0,1.0,100.0,100.0,0.0,0.0
TX,Texas,Harris,48201,,,,1.0,1.9,1.9,-1.9,-1.0
TX,Texas,Haskell,48207,2.0,325.0,162.5,2.0,325.0,162.5,0.0,0.0
TX,Texas,Hill,48217,4.0,528.5,132.125,4.0,467.0,116.75,61.5,0.0
TX,Texas,Hopkins,48223,1.0,250.0,250.0,2.0,505.9,252.95,-255.89999999999998,-1.0
TX,Texas,Howard,48227,1.0,10.0,10.0,1.0,10.0,10.0,0.0,0.0
TX,Texas,Hunt,48231,3.0,70.0,23.333333333333332,3.0,70.0,23.333333333333332,0.0,0.0
TX,Texas,Jackson,48239,1.0,150.5,150.5,1.0,150.5,150.5,0.0,0.0
TX,Texas,Jones,48253,1.0,200.0,200.0,1.0,200.0,200.0,0.0,0.0
TX,Texas,Karnes,48255,1.0,10.0,10.0,1.0,10.0,10.0,0.0,0.0
TX,Texas,Kaufman,48257,1.0,146.7,146.7,1.0,146.7,146.7,0.0,0.0
TX,Texas,Kent,48263,2.0,452.0,226.0,2.0,452.0,226.0,0.0,0.0
TX,Texas,Kinney,48271,2.0,199.6,99.8,2.0,200.0,100.0,-0.4000000000000057,0.0
TX,Texas,Lamar,48277,5.0,1169.5,233.9,5.0,948.5,189.7,221.0,0.0
TX,Texas,Liberty,48291,1.0,109.9,109.9,1.0,109.9,109.9,0.0,0.0
TX,Texas,Limestone,48293,2.0,405.3,202.65,1.0,400.0,400.0,5.300000000000011,1.0
TX,Texas,Lubbock,48303,1.0,4.4,4.4,1.0,4.4,4.4,0.0,0.0
TX,Texas,McLennan,48309,3.0,165.0,55.0,4.0,376.0,94.0,-211.0,-1.0
TX,Texas,Menard,48327,1.0,7.5,7.5,1.0,7.5,7.5,0.0,0.0
TX,Texas,Milam,48331,3.0,700.0,233.33333333333334,4.0,890.0,222.5,-190.0,-1.0
TX,Texas,Navarro,48349,3.0,613.0,204.33333333333334,3.0,613.0,204.33333333333334,0.0,0.0
TX,Texas,Nolan,48353,1.0,200.0,200.0,1.0,200.0,200.0,0.0,0.0
TX,Texas,Pecos,48371,14.0,2177.5,155.53571428571428,13.0,2069.7,159.2076923076923,107.80000000000018,1.0
TX,Texas,Polk,48373,1.0,150.0,150.0,1.0,150.0,150.0,0.0,0.0
TX,Texas,Presidio,48377,1.0,10.0,10.0,1.0,10.0,10.0,0.0,0.0
TX,Texas,Real,48385,1.0,1.5,1.5,1.0,1.5,1.5,0.0,0.0
TX,Texas,Red River,48387,1.0,300.0,300.0,1.0,300.0,300.0,0.0,0.0
TX,Texas,Reeves,48389,1.0,100.0,100.0,1.0,100.0,100.0,0.0,0.0
TX,Texas,San Patricio,48409,1.0,150.0,150.0,1.0,150.0,150.0,0.0,0.0
TX,Texas,Scurry,48415,2.0,653.2,326.6,2.0,654.0,327.0,-0.7999999999999545,0.0
TX,Texas,Starr,48427,1.0,136.0,136.0,1.0,136.0,136.0,0.0,0.0
TX,Texas,Sterling,48431,2.0,145.0,72.5,2.0,145.0,72.5,0.0,0.0
TX,Texas,Swisher,48437,1.0,500.0,500.0,1.0,500.0,500.0,0.0,0.0
TX,Texas,Tarrant,48439,,,,2.0,5.2,2.6,-5.2,-2.0
TX,Texas,Tom Green,48451,2.0,372.8,186.4,2.0,372.8,186.4,0.0,0.0
TX,Texas,Travis,48453,5.0,180.3,36.06,5.0,180.29999999999998,36.059999999999995,2.842170943040401e-14,0.0
TX,Texas,Upshur,48459,1.0,3.0,3.0,1.0,3.0,3.0,0.0,0.0
TX,Texas,Upton,48461,4.0,730.0,182.5,4.0,827.0,206.75,-97.0,0.0
TX,Texas,Uvalde,48463,2.0,303.5,151.75,2.0,303.5,151.75,0.0,0.0
TX,Texas,Van Zandt,48467,1.0,59.0,59.0,1.0,59.0,59.0,0.0,0.0
TX,Texas,Webb,48479,2.0,210.0,105.0,2.0,210.0,105.0,0.0,0.0
TX,Texas,Wharton,48481,4.0,1090.0,272.5,6.0,2035.0,339.1666666666667,-945.0,-2.0
TX,Texas,Williamson,48491,1.0,1.4,1.4,1.0,1.4,1.4,0.0,0.0
TX,Texas,Wilson,48493,7.0,7.0,1.0,7.0,7.0,1.0,0.0,0.0
TX,Texas,Winkler,48495,1.0,250.0,250.0,1.0,250.0,250.0,0.0,0.0
UT,Utah,Beaver,49001,12.0,363.1,30.258333333333336,12.0,363.1,30.258333333333336,0.0,0.0
UT,Utah,Box Elder,49003,3.0,163.1,54.36666666666667,3.0,163.1,54.36666666666667,0.0,0.0
UT,Utah,Carbon,49007,1.0,80.0,80.0,1.0,80.0,80.0,0.0,0.0
UT,Utah,Davis,49011,1.0,1.3,1.3,1.0,1.3,1.3,0.0,0.0
UT,Utah,Emery,49015,2.0,140.0,70.0,2.0,140.0,70.0,0.0,0.0
UT,Utah,Iron,49021,19.0,857.4,45.126315789473686,19.0,857.0,45.10526315789474,0.39999999999997726,0.0
UT,Utah,Juab,49023,1.0,80.0,80.0,1.0,80.0,80.0,0.0,0.0
UT,Utah,Millard,49027,3.0,120.0,40.0,3.0,120.0,40.0,0.0,0.0
UT,Utah,Rich,49033,1.0,57.6,57.6,1.0,57.6,57.6,0.0,0.0
UT,Utah,Salt Lake,49035,3.0,6.3,2.1,1.0,5.0,5.0,1.2999999999999998,2.0
UT,Utah,San Juan,49037,1.0,72.0,72.0,1.0,72.0,72.0,0.0,0.0
UT,Utah,Sanpete,49039,1.0,1.5,1.5,1.0,1.5,1.5,0.0,0.0
UT,Utah,Sevier,49041,1.0,80.0,80.0,1.0,80.0,80.0,0.0,0.0
UT,Utah,Tooele,49045,2.0,155.0,77.5,2.0,155.0,77.5,0.0,0.0
UT,Utah,Uintah,49047,1.0,12.5,12.5,1.0,12.5,12.5,0.0,0.0
UT,Utah,Utah,49049,1.0,4.0,4.0,1.0,4.0,4.0,0.0,0.0
UT,Utah,Washington,49053,1.0,2.0,2.0,1.0,2.0,2.0,0.0,0.0
UT,Utah,Weber,49057,1.0,3.4,3.4,1.0,3.4,3.4,0.0,0.0
VA,Virginia,Accomack,51001,5.0,84.3,16.86,2.0,84.0,42.0,0.29999999999999716,3.0
VA,Virginia,Albemarle,51003,1.0,13.3,13.3,1.0,13.3,13.3,0.0,0.0
VA,Virginia,Amelia,51007,2.0,10.0,5.0,2.0,10.0,5.0,0.0,0.0
VA,Virginia,Amherst,51009,1.0,4.9,4.9,1.0,4.9,4.9,0.0,0.0
VA,Virginia,Appomattox,51011,1.0,15.7,15.7,1.0,15.7,15.7,0.0,0.0
VA,Virginia,Augusta,51015,2.0,7.9,3.95,2.0,7.9,3.95,0.0,0.0
VA,Virginia,Bath,51017,1.0,5.0,5.0,1.0,5.0,5.0,0.0,0.0
VA,Virginia,Bedford,51019,1.0,3.0,3.0,1.0,3.0,3.0,0.0,0.0
VA,Virginia,Buckingham,51029,2.0,39.8,19.9,2.0,39.8,19.9,0.0,0.0
VA,Virginia,Campbell,51031,2.0,95.0,47.5,2.0,95.0,47.5,0.0,0.0
VA,Virginia,Charles City,51036,1.0,175.0,175.0,1.0,175.0,175.0,0.0,0.0
VA,Virginia,Charlotte,51037,1.0,13.8,13.8,1.0,13.8,13.8,0.0,0.0
VA,Virginia,Chesapeake,51550,,,,6.0,255.0,42.5,-255.0,-6.0
VA,Virginia,Chesapeake City,,6.0,255.0,42.5,,,,255.0,6.0
VA,Virginia,Chesterfield,51041,1.0,2.0,2.0,1.0,2.0,2.0,0.0,0.0
VA,Virginia,Clarke,51043,1.0,10.0,10.0,1.0,10.0,10.0,0.0,0.0
VA,Virginia,Dinwiddie,51053,1.0,5.0,5.0,1.0,5.0,5.0,0.0,0.0
VA,Virginia,Essex,51057,1.0,20.0,20.0,1.0,20.0,20.0,0.0,0.0
VA,Virginia,Fauquier,51061,1.0,20.0,20.0,1.0,20.0,20.0,0.0,0.0
VA,Virginia,Fluvanna,51065,2.0,10.0,5.0,2.0,10.0,5.0,0.0,0.0
VA,Virginia,Frederick,51069,3.0,206.4,68.8,2.0,76.4,38.2,130.0,1.0
VA,Virginia,Gloucester,51073,3.0,94.8,31.599999999999998,3.0,94.8,31.599999999999998,0.0,0.0
VA,Virginia,Goochland,51075,1.0,5.0,5.0,1.0,5.0,5.0,0.0,0.0
VA,Virginia,Greensville,51081,4.0,319.6,79.9,4.0,320.0,80.0,-0.39999999999997726,0.0
VA,Virginia,Halifax,51083,9.0,526.8,58.53333333333333,9.0,526.8,58.53333333333333,0.0,0.0
VA,Virginia,Hanover,51085,1.0,25.0,25.0,1.0,25.0,25.0,0.0,0.0
VA,Virginia,Henrico,51087,1.0,20.0,20.0,1.0,20.0,20.0,0.0,0.0
VA,Virginia,Henry,51089,3.0,91.0,30.333333333333332,3.0,106.0,35.333333333333336,-15.0,0.0
VA,Virginia,Isle of Wight,51093,4.0,279.0,69.75,4.0,279.0,69.75,0.0,0.0
VA,Virginia,James City,51095,2.0,39.9,19.95,2.0,39.9,19.95,0.0,0.0
VA,Virginia,King William,51101,2.0,30.0,15.0,2.0,30.0,15.0,0.0,0.0
VA,Virginia,Lancaster,51103,2.0,6.5,3.25,2.0,6.5,3.25,0.0,0.0
VA,Virginia,Louisa,51109,4.0,138.3,34.575,4.0,138.3,34.575,0.0,0.0
VA,Virginia,Mecklenburg,51117,3.0,189.9,63.300000000000004,3.0,189.9,63.300000000000004,0.0,0.0
VA,Virginia,Middlesex,51119,1.0,15.0,15.0,1.0,15.0,15.0,0.0,0.0
VA,Virginia,New Kent,51127,1.0,20.0,20.0,1.0,20.0,20.0,0.0,0.0
VA,Virginia,Norfolk,51710,,,,1.0,1.3,1.3,-1.3,-1.0
VA,Virginia,Norfolk City,,1.0,0.9,0.9,,,,0.9,1.0
VA,Virginia,Northampton,51131,1.0,20.0,20.0,1.0,20.0,20.0,0.0,0.0
VA,Virginia,Orange,51137,1.0,62.5,62.5,2.0,192.5,96.25,-130.0,-1.0
VA,Virginia,Pittsylvania,51143,9.0,245.4,27.266666666666666,9.0,245.4,27.266666666666666,0.0,0.0
VA,Virginia,Powhatan,51145,3.0,42.0,14.0,4.0,60.0,15.0,-18.0,-1.0
VA,Virginia,Prince Edward,51147,2.0,7.0,3.5,2.0,7.0,3.5,0.0,0.0
VA,Virginia,Prince George,51149,2.0,169.7,84.85,2.0,169.7,84.85,0.0,0.0
VA,Virginia,Prince William,51153,2.0,22.0,11.0,2.0,22.0,11.0,0.0,0.0
VA,Virginia,Richmond,51159,2.0,132.0,66.0,4.0,264.0,66.0,-132.0,-2.0
VA,Virginia,Richmond,51760,2.0,132.0,66.0,,,,132.0,2.0
VA,Virginia,Rockbridge,51163,2.0,7.5,3.75,2.0,7.5,3.75,0.0,0.0
VA,Virginia,Rockingham,51165,2.0,33.5,16.75,2.0,33.5,16.75,0.0,0.0
VA,Virginia,Shenandoah,51171,2.0,18.9,9.45,2.0,18.9,9.45,0.0,0.0
VA,Virginia,Southampton,51175,1.0,100.0,100.0,1.0,100.0,100.0,0.0,0.0
VA,Virginia,Spotsylvania,51177,4.0,500.0,125.0,4.0,500.0,125.0,0.0,0.0
VA,Virginia,Stafford,51179,1.0,1.3,1.3,1.0,1.3,1.3,0.0,0.0
VA,Virginia,Suffolk,51800,1.0,3.8,3.8,4.0,53.8,13.45,-50.0,-3.0
VA,Virginia,Suffolk City,,3.0,50.0,16.666666666666668,,,,50.0,3.0
VA,Virginia,Surry,51181,2.0,240.3,120.15,2.0,240.3,120.15,0.0,0.0
VA,Virginia,Sussex,51183,2.0,138.0,69.0,2.0,138.0,69.0,0.0,0.0
VA,Virginia,Virginia Beach,51810,,,,1.0,17.6,17.6,-17.6,-1.0
VA,Virginia,Virginia Beach City,,1.0,17.6,17.6,,,,17.6,1.0
VA,Virginia,Warren,51187,1.0,2.5,2.5,1.0,2.5,2.5,0.0,0.0
VA,Virginia,Westmoreland,51193,4.0,55.9,13.975,4.0,55.9,13.975,0.0,0.0
VA,Virginia,Wise,51195,1.0,3.0,3.0,1.0,3.0,3.0,0.0,0.0
VA,Virginia,Wythe,51197,1.0,20.0,20.0,1.0,20.0,20.0,0.0,0.0
VT,Vermont,Addison,50001,5.0,19.1,3.8200000000000003,5.0,19.1,3.8200000000000003,0.0,0.0
VT,Vermont,Bennington,50003,2.0,4.2,2.1,2.0,4.2,2.1,0.0,0.0
VT,Vermont,Caledonia,50005,3.0,6.0,2.0,3.0,6.0,2.0,0.0,0.0
VT,Vermont,Chittenden,50007,13.0,33.5,2.576923076923077,13.0,33.5,2.576923076923077,0.0,0.0
VT,Vermont,Essex,50009,1.0,2.1,2.1,1.0,2.1,2.1,0.0,0.0
VT,Vermont,Franklin,50011,3.0,9.2,3.0666666666666664,3.0,9.2,3.0666666666666664,0.0,0.0
VT,Vermont,Grand Isle,50013,1.0,1.0,1.0,1.0,1.0,1.0,0.0,0.0
VT,Vermont,Lamoille,50015,3.0,5.300000000000001,1.7666666666666668,3.0,5.300000000000001,1.7666666666666668,0.0,0.0
VT,Vermont,Orange,50017,3.0,12.0,4.0,3.0,12.0,4.0,0.0,0.0
VT,Vermont,Orleans,50019,2.0,4.1,2.05,2.0,4.1,2.05,0.0,0.0
VT,Vermont,Rutland,50021,10.0,20.4,2.04,10.0,20.4,2.04,0.0,0.0
VT,Vermont,Washington,50023,1.0,1.2,1.2,1.0,1.2,1.2,0.0,0.0
VT,Vermont,Windham,50025,3.0,8.8,2.9333333333333336,3.0,8.8,2.9333333333333336,0.0,0.0
VT,Vermont,Windsor,50027,4.0,28.6,7.15,4.0,28.6,7.15,0.0,0.0
WA,Washington,Adams,53001,1.0,19.2,19.2,1.0,19.2,19.2,0.0,0.0
WA,Washington,Benton,53005,1.0,3.2,3.2,1.0,3.2,3.2,0.0,0.0
WA,Washington,Kittitas,53037,4.0,15.5,3.875,3.0,15.0,5.0,0.5,1.0
WA,Washington,Klickitat,53039,1.0,150.0,150.0,1.0,150.0,150.0,0.0,0.0
WA,Washington,Snohomish,53061,1.0,0.5,0.5,,,,0.5,1.0
WA,Washington,Yakima,53077,1.0,80.0,80.0,1.0,80.0,80.0,0.0,0.0
WI,Wisconsin,Adams,55001,1.0,8.3,8.3,,,,8.3,1.0
WI,Wisconsin,Barron,55005,3.0,9.3,3.1,3.0,9.3,3.1,0.0,0.0
WI,Wisconsin,Buffalo,55011,1.0,3.0,3.0,1.0,3.0,3.0,0.0,0.0
WI,Wisconsin,Chippewa,55017,4.0,10.0,2.5,4.0,10.0,2.5,0.0,0.0
WI,Wisconsin,Clark,55019,1.0,2.0,2.0,1.0,2.0,2.0,0.0,0.0
WI,Wisconsin,Columbia,55021,1.0,11.8,11.8,1.0,11.8,11.8,0.0,0.0
WI,Wisconsin,Dane,55025,10.0,74.4,7.44,9.0,66.6,7.3999999999999995,7.800000000000011,1.0
WI,Wisconsin,Dodge,55027,2.0,150.0,75.0,2.0,150.0,75.0,0.0,0.0
WI,Wisconsin,Dunn,55033,3.0,4.0,1.3333333333333333,3.0,4.0,1.3333333333333333,0.0,0.0
WI,Wisconsin,Fond Du Lac,,4.0,12.0,3.0,,,,12.0,4.0
WI,Wisconsin,Fond du Lac,55039,,,,4.0,12.0,3.0,-12.0,-4.0
WI,Wisconsin,Grant,55043,4.0,254.0,63.5,4.0,254.0,63.5,0.0,0.0
WI,Wisconsin,Green,55045,,,,1.0,50.0,50.0,-50.0,-1.0
WI,Wisconsin,Iowa,55049,2.0,300.0,150.0,2.0,300.0,150.0,0.0,0.0
WI,Wisconsin,Jackson,55053,3.0,7.0,2.3333333333333335,3.0,7.0,2.3333333333333335,0.0,0.0
WI,Wisconsin,Jefferson,55055,4.0,83.3,20.825,4.0,83.3,20.825,0.0,0.0
WI,Wisconsin,Juneau,55057,5.0,10.0,2.0,5.0,10.0,2.0,0.0,0.0
WI,Wisconsin,Kenosha,55059,2.0,9.8,4.9,3.0,209.8,69.93333333333334,-200.0,-1.0
WI,Wisconsin,Langlade,55067,1.0,6.0,6.0,1.0,6.0,6.0,0.0,0.0
WI,Wisconsin,Manitowoc,55071,2.0,250.0,125.0,2.0,250.0,125.0,0.0,0.0
WI,Wisconsin,Marquette,55077,,,,1.0,8.3,8.3,-8.3,-1.0
WI,Wisconsin,Milwaukee,55079,3.0,5.8,1.9333333333333333,3.0,5.8,1.9333333333333333,0.0,0.0
WI,Wisconsin,Monroe,55081,1.0,2.0,2.0,1.0,2.0,2.0,0.0,0.0
WI,Wisconsin,Oneida,55085,1.0,7.5,7.5,1.0,7.5,7.5,0.0,0.0
WI,Wisconsin,Ozaukee,55089,1.0,7.5,7.5,1.0,19.5,19.5,-12.0,0.0
WI,Wisconsin,Pierce,55093,1.0,2.0,2.0,1.0,2.0,2.0,0.0,0.0
WI,Wisconsin,Polk,55095,2.0,3.0,1.5,2.0,3.0,1.5,0.0,0.0
WI,Wisconsin,Price,55099,2.0,3.9,1.95,2.0,3.9,1.95,0.0,0.0
WI,Wisconsin,Racine,55101,5.0,203.6,40.72,4.0,14.8,3.7,188.79999999999998,1.0
WI,Wisconsin,Richland,55103,1.0,50.0,50.0,1.0,50.0,50.0,0.0,0.0
WI,Wisconsin,Rock,55105,5.0,171.5,34.3,4.0,121.5,30.375,50.0,1.0
WI,Wisconsin,Rusk,55107,1.0,1.0,1.0,1.0,1.0,1.0,0.0,0.0
WI,Wisconsin,Shawano,55115,1.0,7.5,7.5,1.0,7.5,7.5,0.0,0.0
WI,Wisconsin,Sheboygan,55117,3.0,153.2,51.06666666666666,2.0,152.3,76.15,0.8999999999999773,1.0
WI,Wisconsin,St Croix,,1.0,2.2,2.2,,,,2.2,1.0
WI,Wisconsin,St. Croix,55109,,,,1.0,2.2,2.2,-2.2,-1.0
WI,Wisconsin,Taylor,55119,1.0,2.0,2.0,1.0,2.0,2.0,0.0,0.0
WI,Wisconsin,Trempealeau,55121,1.0,5.0,5.0,1.0,5.0,5.0,0.0,0.0
WI,Wisconsin,Vernon,55123,3.0,3.6,1.2,3.0,3.6,1.2,0.0,0.0
WI,Wisconsin,Walworth,55127,2.0,13.5,6.75,2.0,13.5,6.75,0.0,0.0
WI,Wisconsin,Washburn,55129,1.0,2.0,2.0,1.0,2.0,2.0,0.0,0.0
WI,Wisconsin,Washington,55131,2.0,4.199999999999999,2.0999999999999996,3.0,11.7,3.9,-7.5,-1.0
WI,Wisconsin,Waukesha,55133,2.0,4.5,2.25,2.0,4.5,2.25,0.0,0.0
WI,Wisconsin,Waushara,55137,1.0,99.0,99.0,1.0,99.0,99.0,0.0,0.0
WI,Wisconsin,Wood,55141,1.0,150.0,150.0,1.0,150.0,150.0,0.0,0.0
WV,Maryland,Berkeley,54003,,,,2.0,4.0,2.0,-4.0,-2.0
WV,West Virginia,Hampshire,54027,1.0,20.0,20.0,1.0,20.0,20.0,0.0,0.0
WV,West Virginia,Jefferson,54037,1.0,96.0,96.0,1.0,96.0,96.0,0.0,0.0
WV,West Virginia,Marion,54049,1.0,5.5,5.5,1.0,5.5,5.5,0.0,0.0
WV,West Virginia,Monongalia,54061,1.0,18.9,18.9,1.0,18.9,18.9,0.0,0.0
WY,Wyoming,Laramie,56021,1.0,150.0,150.0,1.0,150.0,150.0,0.0,0.0
WY,Wyoming,Sweetwater,56037,1.0,92.0,92.0,1.0,92.0,92.0,0.0,0.0
,,,,1.0,0.9,0.9,,,,0.9,1.0
